id,identifier,motion_text,motion_classification,start_date,result,organization_id,bill_id,bill_action_id,jurisdiction,session_identifier
ocd-vote/a31b4e67-7b3d-45b0-9bc7-3461a975d202,us-2025-lower-3,On Ordering the Previous Question,['passage'],2025-01-03T22:54:00+00:00,pass,ocd-organization/24af4233-d9b5-5933-91b2-51d29f721037,ocd-bill/2c089ed7-8815-4d47-b432-e93c7c9eb1df,,United States,119
ocd-vote/f28036c3-7abf-4509-9b1f-b133b3e2e329,us-2025-lower-4,On Motion to Commit with Instructions,['passage'],2025-01-03T23:01:00+00:00,fail,ocd-organization/24af4233-d9b5-5933-91b2-51d29f721037,ocd-bill/2c089ed7-8815-4d47-b432-e93c7c9eb1df,,United States,119
ocd-vote/86b3245c-b8fd-41dc-a080-e2c1a7f3a1a8,us-2025-lower-5,On Agreeing to the Resolution,['passage'],2025-01-03T23:08:00+00:00,pass,ocd-organization/24af4233-d9b5-5933-91b2-51d29f721037,ocd-bill/2c089ed7-8815-4d47-b432-e93c7c9eb1df,,United States,119
ocd-vote/9ca8ab8f-f167-439b-9ce9-58c940210c6d,us-2025-lower-6,On Passage,['passage'],2025-01-07T18:27:00+00:00,pass,ocd-organization/24af4233-d9b5-5933-91b2-51d29f721037,ocd-bill/bf8ba42d-25e2-4f17-8a43-efd0018a4138,,United States,119
ocd-vote/949f0d44-98c7-4cc4-97d5-4fa60df34f63,us-2025-upper-1,On Cloture on the Motion to Proceed S. 5,['passage'],2025-01-09T07:54:00+00:00,pass,ocd-organization/072da2ce-df81-52c3-9cc8-323e208cdf10,ocd-bill/64132b9b-fdb2-4e7d-b1f5-41cd1d38cdc0,,United States,119
ocd-vote/d060f8e7-ca85-463a-ac8f-1a4daeed2e54,us-2025-lower-7,On Passage,['passage'],2025-01-09T18:37:00+00:00,pass,ocd-organization/24af4233-d9b5-5933-91b2-51d29f721037,ocd-bill/4f5998f7-48fa-4d3e-8419-cd024bbe9a35,,United States,119
ocd-vote/19cfdf06-fa97-4b36-a74e-d71498937cd5,us-2025-upper-2,On the Motion to Proceed S. 5,['passage'],2025-01-13T10:26:00+00:00,pass,ocd-organization/072da2ce-df81-52c3-9cc8-323e208cdf10,ocd-bill/64132b9b-fdb2-4e7d-b1f5-41cd1d38cdc0,,United States,119
ocd-vote/fb4aae54-f11e-4ad4-a2a5-0a2a9ad71039,us-2025-lower-8,On Motion to Suspend the Rules and Pass,['passage'],2025-01-13T23:53:00+00:00,pass,ocd-organization/24af4233-d9b5-5933-91b2-51d29f721037,ocd-bill/806b4919-7500-41e5-a893-fecfbe3b4078,,United States,119
ocd-vote/ef218a59-eeca-4a19-a276-4ab0a1e4afc6,us-2025-lower-9,On Motion to Suspend the Rules and Pass,['passage'],2025-01-14T00:00:00+00:00,pass,ocd-organization/24af4233-d9b5-5933-91b2-51d29f721037,ocd-bill/8528bb55-6a89-4cd4-807e-d8bd14564043,,United States,119
ocd-vote/a8d45029-c268-4705-a2a0-567a56b7d255,us-2025-lower-10,On Motion to Suspend the Rules and Pass,['passage'],2025-01-14T19:28:00+00:00,pass,ocd-organization/24af4233-d9b5-5933-91b2-51d29f721037,ocd-bill/ae757504-1f09-45ec-a3a4-d6912b81566a,,United States,119
ocd-vote/ceff6592-56ff-4243-a4bf-cdc538bb614b,us-2025-lower-11,On Motion to Recommit,['passage'],2025-01-14T19:34:00+00:00,fail,ocd-organization/24af4233-d9b5-5933-91b2-51d29f721037,ocd-bill/522cc25e-dffc-40e0-a687-08221d5a29f1,,United States,119
ocd-vote/a215d41b-6734-4bbc-8748-3538f87cc8f3,us-2025-lower-12,On Passage,['passage'],2025-01-14T19:42:00+00:00,pass,ocd-organization/24af4233-d9b5-5933-91b2-51d29f721037,ocd-bill/522cc25e-dffc-40e0-a687-08221d5a29f1,,United States,119
ocd-vote/fc4bf3f9-1415-42a0-a4d5-497cfdb72b09,us-2025-lower-13,On Motion to Suspend the Rules and Pass,['passage'],2025-01-15T21:27:00+00:00,pass,ocd-organization/24af4233-d9b5-5933-91b2-51d29f721037,ocd-bill/d5358e61-5642-4057-9a04-c52b7cd56df2,,United States,119
ocd-vote/efad651b-807c-4c17-8f86-31aa273e64ae,us-2025-lower-14,On Motion to Suspend the Rules and Pass,['passage'],2025-01-15T21:34:00+00:00,pass,ocd-organization/24af4233-d9b5-5933-91b2-51d29f721037,ocd-bill/289d35b2-bfed-4932-99b1-8955742819d5,,United States,119
ocd-vote/c7b00788-567d-4806-9d70-a81973cbf9f4,us-2025-lower-15,On Passage,['passage'],2025-01-15T21:41:00+00:00,pass,ocd-organization/24af4233-d9b5-5933-91b2-51d29f721037,ocd-bill/97eae76d-4cf6-4ec0-8d73-4c5152aac664,,United States,119
ocd-vote/6adb9552-597c-4b49-b509-fad37f132829,us-2025-lower-16,On Motion to Recommit,['passage'],2025-01-16T15:50:00+00:00,fail,ocd-organization/24af4233-d9b5-5933-91b2-51d29f721037,ocd-bill/49ee3d7a-e569-4c82-abb1-7b2497fec59d,,United States,119
ocd-vote/1cceca01-d47a-4b0a-b106-733c03d11de4,us-2025-lower-17,On Passage,['passage'],2025-01-16T16:00:00+00:00,pass,ocd-organization/24af4233-d9b5-5933-91b2-51d29f721037,ocd-bill/49ee3d7a-e569-4c82-abb1-7b2497fec59d,,United States,119
ocd-vote/c4821886-ce94-48e8-986d-3a586b15a9db,us-2025-upper-5,On the Cloture Motion S. 5,['passage'],2025-01-17T15:03:00+00:00,pass,ocd-organization/072da2ce-df81-52c3-9cc8-323e208cdf10,ocd-bill/64132b9b-fdb2-4e7d-b1f5-41cd1d38cdc0,,United States,119
ocd-vote/9dffa967-bec7-4bd0-9522-32a79e9286e3,us-2025-upper-7,On Passage of the Bill S. 5,['passage'],2025-01-20T11:12:00+00:00,pass,ocd-organization/072da2ce-df81-52c3-9cc8-323e208cdf10,ocd-bill/64132b9b-fdb2-4e7d-b1f5-41cd1d38cdc0,,United States,119
ocd-vote/048536a4-99d9-417e-a827-215d8bd53104,us-2025-lower-18,On Motion to Suspend the Rules and Pass,['passage'],2025-01-21T23:58:00+00:00,pass,ocd-organization/24af4233-d9b5-5933-91b2-51d29f721037,ocd-bill/9d267541-d5f6-46bd-a670-a4525a36dabb,,United States,119
ocd-vote/e7f883b8-5134-4061-a2a8-0234486ea933,us-2025-lower-19,"On Motion to Suspend the Rules and Pass, as Amended",['passage'],2025-01-22T00:04:00+00:00,pass,ocd-organization/24af4233-d9b5-5933-91b2-51d29f721037,ocd-bill/e0047847-3dd6-453d-aca3-028e8291aab5,,United States,119
ocd-vote/ee598436-b165-4586-9e14-aca1ae4fe9f2,us-2025-upper-11,On Cloture on the Motion to Proceed S. 6,['passage'],2025-01-22T07:38:00+00:00,fail,ocd-organization/072da2ce-df81-52c3-9cc8-323e208cdf10,ocd-bill/3ef858ed-1418-4ee7-8d4b-b91383cbb938,,United States,119
ocd-vote/4ac36580-dd3f-4326-a653-42a51110256e,us-2025-lower-20,On Ordering the Previous Question,['passage'],2025-01-22T18:56:00+00:00,pass,ocd-organization/24af4233-d9b5-5933-91b2-51d29f721037,ocd-bill/6e6c2729-384e-4eb9-96a2-d6d06bcbbc57,,United States,119
ocd-vote/5c310d59-f321-4500-9587-1bad2966ebf2,us-2025-lower-21,On Agreeing to the Resolution,['passage'],2025-01-22T19:04:00+00:00,pass,ocd-organization/24af4233-d9b5-5933-91b2-51d29f721037,ocd-bill/6e6c2729-384e-4eb9-96a2-d6d06bcbbc57,,United States,119
ocd-vote/97df062d-9f40-41fc-bb6b-fe2d937d8238,us-2025-lower-22,On Motion to Suspend the Rules and Pass,['passage'],2025-01-22T21:55:00+00:00,pass,ocd-organization/24af4233-d9b5-5933-91b2-51d29f721037,ocd-bill/1a09b5e3-6434-4695-ab2e-0a41ed73ba82,,United States,119
ocd-vote/0e184688-d1a0-42ef-8aa5-4fdfcd3a2211,us-2025-lower-23,On Passage,['passage'],2025-01-22T22:01:00+00:00,pass,ocd-organization/24af4233-d9b5-5933-91b2-51d29f721037,ocd-bill/64132b9b-fdb2-4e7d-b1f5-41cd1d38cdc0,,United States,119
ocd-vote/557a84e8-d676-48bf-b949-153a6a71dcf3,us-2025-lower-24,On Motion to Suspend the Rules and Pass,['passage'],2025-01-23T20:35:00+00:00,pass,ocd-organization/24af4233-d9b5-5933-91b2-51d29f721037,ocd-bill/1270e692-0bfb-477f-bac2-6a8fbdbebee9,,United States,119
ocd-vote/7acb646c-7e45-4053-a088-771b5924c36e,us-2025-lower-25,On Passage,['passage'],2025-01-23T20:42:00+00:00,pass,ocd-organization/24af4233-d9b5-5933-91b2-51d29f721037,ocd-bill/6749a055-f58d-45cd-8f51-6f96e76db8da,,United States,119
ocd-vote/38495c94-3f82-4328-bcad-b689ad364771,us-2025-lower-26,On Motion to Recommit,['passage'],2025-01-23T20:48:00+00:00,fail,ocd-organization/24af4233-d9b5-5933-91b2-51d29f721037,ocd-bill/9de187a3-32a0-4cd4-a6d6-b7653b4b1ecf,,United States,119
ocd-vote/bfc73532-624b-4ba6-b619-9a8d2c7013f0,us-2025-lower-27,On Passage,['passage'],2025-01-23T20:55:00+00:00,pass,ocd-organization/24af4233-d9b5-5933-91b2-51d29f721037,ocd-bill/9de187a3-32a0-4cd4-a6d6-b7653b4b1ecf,,United States,119
ocd-vote/3f8c6985-c618-41e3-b076-aa9d9a2d0604,us-2025-upper-22,On Cloture on the Motion to Proceed H.R. 23,['passage'],2025-01-28T07:23:00+00:00,fail,ocd-organization/072da2ce-df81-52c3-9cc8-323e208cdf10,ocd-bill/4f5998f7-48fa-4d3e-8419-cd024bbe9a35,,United States,119
ocd-vote/dfae8fe5-076f-4bd7-8113-55f8f3be6f75,us-2025-lower-28,On Motion to Suspend the Rules and Pass,['passage'],2025-02-04T23:56:00+00:00,pass,ocd-organization/24af4233-d9b5-5933-91b2-51d29f721037,ocd-bill/8b7b3c12-7474-48fc-8f50-7fc4547492c0,,United States,119
ocd-vote/9ac83db2-c19b-4aff-8eaf-932f75685bf3,us-2025-lower-29,On Motion to Suspend the Rules and Pass,['passage'],2025-02-05T00:06:00+00:00,pass,ocd-organization/24af4233-d9b5-5933-91b2-51d29f721037,ocd-bill/71f7684b-7f48-40e2-9242-0da9a644d852,,United States,119
ocd-vote/5befa1a7-a451-45f4-9946-c4ff2a756085,us-2025-lower-30,On Ordering the Previous Question,['passage'],2025-02-05T21:49:00+00:00,pass,ocd-organization/24af4233-d9b5-5933-91b2-51d29f721037,ocd-bill/dd211b8a-f279-49bd-b287-8568649b923c,,United States,119
ocd-vote/e8716b3c-be41-4cbd-998c-700841109a82,us-2025-lower-31,On Agreeing to the Resolution,['passage'],2025-02-05T21:57:00+00:00,pass,ocd-organization/24af4233-d9b5-5933-91b2-51d29f721037,ocd-bill/dd211b8a-f279-49bd-b287-8568649b923c,,United States,119
ocd-vote/b7c29079-1be4-4fd7-8f60-590682ca391b,us-2025-lower-33,On Passage,['passage'],2025-02-06T21:46:00+00:00,pass,ocd-organization/24af4233-d9b5-5933-91b2-51d29f721037,ocd-bill/d9b4d9f9-9949-4be5-882c-6adf050d12cb,,United States,119
ocd-vote/1e76647e-dc89-4fc1-b34b-9fb4f497acde,us-2025-lower-34,On Motion to Recommit,['passage'],2025-02-07T15:48:00+00:00,fail,ocd-organization/24af4233-d9b5-5933-91b2-51d29f721037,ocd-bill/33a0c22a-2f03-4199-a443-5bfde5dda681,,United States,119
ocd-vote/2c71b93b-7439-4959-9d68-7b54c712ecc7,us-2025-lower-35,On Passage,['passage'],2025-02-07T15:57:00+00:00,pass,ocd-organization/24af4233-d9b5-5933-91b2-51d29f721037,ocd-bill/33a0c22a-2f03-4199-a443-5bfde5dda681,,United States,119
ocd-vote/c5b03cbf-d3f4-4598-8d67-ac1e9bb8609f,us-2025-lower-36,"On Motion to Suspend the Rules and Pass, as Amended",['passage'],2025-02-10T23:49:00+00:00,pass,ocd-organization/24af4233-d9b5-5933-91b2-51d29f721037,ocd-bill/cd385b33-ab5d-467a-bc46-2230bd3b9f5f,,United States,119
ocd-vote/6ea2d272-6fdd-4101-a3a9-c3e8a2d48642,us-2025-lower-37,On Motion to Suspend the Rules and Pass,['passage'],2025-02-10T23:56:00+00:00,pass,ocd-organization/24af4233-d9b5-5933-91b2-51d29f721037,ocd-bill/cd626762-30a3-445a-bbb6-f91fe47911ae,,United States,119
ocd-vote/a17321fc-74f6-4b3b-bbff-912b707acca8,us-2025-lower-38,On Ordering the Previous Question,['passage'],2025-02-11T18:51:00+00:00,pass,ocd-organization/24af4233-d9b5-5933-91b2-51d29f721037,ocd-bill/9b97a3fe-2806-4543-8aed-48e095507c2e,,United States,119
ocd-vote/9ff37bdb-6802-4e3d-a4bc-9d741fef5830,us-2025-lower-39,On Agreeing to the Resolution,['passage'],2025-02-11T18:58:00+00:00,pass,ocd-organization/24af4233-d9b5-5933-91b2-51d29f721037,ocd-bill/9b97a3fe-2806-4543-8aed-48e095507c2e,,United States,119
ocd-vote/84ccb243-8d1e-4a54-adca-2a9eddfd0d0e,us-2025-lower-40,On Motion to Recommit,['passage'],2025-02-12T21:52:00+00:00,fail,ocd-organization/24af4233-d9b5-5933-91b2-51d29f721037,ocd-bill/6b18007d-b643-46ff-93f5-52551e8b9373,,United States,119
ocd-vote/0e0e5b01-44cb-4f74-b986-585a0e86c73a,us-2025-lower-41,On Passage,['passage'],2025-02-12T22:00:00+00:00,pass,ocd-organization/24af4233-d9b5-5933-91b2-51d29f721037,ocd-bill/6b18007d-b643-46ff-93f5-52551e8b9373,,United States,119
ocd-vote/e5485793-bef2-4331-9334-b3afc22aed42,us-2025-lower-42,On Passage,['passage'],2025-02-13T15:45:00+00:00,pass,ocd-organization/24af4233-d9b5-5933-91b2-51d29f721037,ocd-bill/6de754e5-12e5-40a7-a10c-d898bedec322,,United States,119
ocd-vote/364666d0-1eb2-46a2-aee0-70429589a03e,us-2025-upper-58,On the Motion to Proceed S.Con.Res. 7,['passage'],2025-02-18T11:45:00+00:00,pass,ocd-organization/072da2ce-df81-52c3-9cc8-323e208cdf10,ocd-bill/05cbbe41-4cf8-4cb3-b40c-f295923d5b88,,United States,119
ocd-vote/efedf08b-2d98-447b-ad4f-f55224dc434a,us-2025-upper-87,On the Concurrent Resolution S.Con.Res. 7,['passage'],2025-02-21T09:34:00+00:00,pass,ocd-organization/072da2ce-df81-52c3-9cc8-323e208cdf10,ocd-bill/05cbbe41-4cf8-4cb3-b40c-f295923d5b88,,United States,119
ocd-vote/4f6eb293-320b-41df-8bf4-e0022d76bd7f,us-2025-lower-43,On Motion to Suspend the Rules and Pass,['passage'],2025-02-24T23:53:00+00:00,pass,ocd-organization/24af4233-d9b5-5933-91b2-51d29f721037,ocd-bill/36976e14-0bd7-487e-8d1e-98d7c4f0ccba,,United States,119
ocd-vote/86e9b84a-b656-42be-bff0-969c33bf3920,us-2025-lower-44,On Motion to Suspend the Rules and Pass,['passage'],2025-02-25T00:00:00+00:00,pass,ocd-organization/24af4233-d9b5-5933-91b2-51d29f721037,ocd-bill/9494c293-e640-4f37-acdc-2f550ba64957,,United States,119
ocd-vote/8ce23d37-fe8c-49e4-8d6d-2d00d24a0da6,us-2025-lower-45,On Motion to Suspend the Rules and Pass,['passage'],2025-02-25T00:08:00+00:00,pass,ocd-organization/24af4233-d9b5-5933-91b2-51d29f721037,ocd-bill/39bd4489-1586-4cc5-9604-bc226a2e5693,,United States,119
ocd-vote/21945963-b124-419d-b588-d2ccda2016da,us-2025-upper-92,On the Joint Resolution S.J.Res. 11,['passage'],2025-02-25T10:24:00+00:00,pass,ocd-organization/072da2ce-df81-52c3-9cc8-323e208cdf10,ocd-bill/e36cb349-1dc3-4a9a-a4f8-e7c89561299b,,United States,119
ocd-vote/7f8e566e-6339-4b9f-825d-5236acded3a8,us-2025-upper-91,On the Motion to Proceed S.J.Res. 11,['passage'],2025-02-25T17:11:00+00:00,pass,ocd-organization/072da2ce-df81-52c3-9cc8-323e208cdf10,ocd-bill/e36cb349-1dc3-4a9a-a4f8-e7c89561299b,,United States,119
ocd-vote/b3148e59-f6eb-4142-acaf-eb1746555e93,us-2025-lower-46,On Ordering the Previous Question,['passage'],2025-02-25T18:58:00+00:00,pass,ocd-organization/24af4233-d9b5-5933-91b2-51d29f721037,ocd-bill/a9634cf3-ffc8-4422-9a22-31983924d075,,United States,119
ocd-vote/efefd897-6008-44c0-b488-5cb933f66efb,us-2025-lower-47,On Agreeing to the Resolution,['passage'],2025-02-25T19:06:00+00:00,pass,ocd-organization/24af4233-d9b5-5933-91b2-51d29f721037,ocd-bill/a9634cf3-ffc8-4422-9a22-31983924d075,,United States,119
ocd-vote/8d8e088a-5567-4164-a5a7-0fe65d3e2097,us-2025-lower-48,On Motion to Suspend the Rules and Pass,['passage'],2025-02-26T00:24:00+00:00,pass,ocd-organization/24af4233-d9b5-5933-91b2-51d29f721037,ocd-bill/aa574a7b-7e39-4ce1-bf3e-c52b440d0b2f,,United States,119
ocd-vote/81abfecb-9bf9-46cb-9a8a-b5dc000da785,us-2025-lower-49,On Motion to Suspend the Rules and Pass,['passage'],2025-02-26T00:38:00+00:00,pass,ocd-organization/24af4233-d9b5-5933-91b2-51d29f721037,ocd-bill/479a6700-346d-4d3d-9e30-4576d15b7884,,United States,119
ocd-vote/805250cc-a5d4-485b-bdfd-9a0b8f1d4350,us-2025-lower-50,"On Agreeing to the Resolution, as Amended",['passage'],2025-02-26T01:19:00+00:00,pass,ocd-organization/24af4233-d9b5-5933-91b2-51d29f721037,ocd-bill/05bb1f70-0d11-47b7-9e2c-5a5db4a01c0f,,United States,119
ocd-vote/b2548f61-ead3-4cfb-8f37-13e505478f35,us-2025-upper-95,On the Joint Resolution S.J.Res. 10,['passage'],2025-02-26T10:26:00+00:00,fail,ocd-organization/072da2ce-df81-52c3-9cc8-323e208cdf10,ocd-bill/84a5b827-6463-4bf5-8bd6-b08f67f08633,,United States,119
ocd-vote/bf851fab-790e-4411-8880-b1ed034e10d3,us-2025-upper-96,On the Motion to Proceed S.J.Res. 12,['passage'],2025-02-26T11:10:00+00:00,pass,ocd-organization/072da2ce-df81-52c3-9cc8-323e208cdf10,ocd-bill/d998cd2e-5ea3-4f5d-be05-d9b4dad41f55,,United States,119
ocd-vote/e205a38e-4120-44d8-925d-578bd7743115,us-2025-lower-51,"On Motion to Suspend the Rules and Pass, as Amended",['passage'],2025-02-26T21:33:00+00:00,pass,ocd-organization/24af4233-d9b5-5933-91b2-51d29f721037,ocd-bill/71acbb52-0f2d-4de4-81a4-965266cc82fc,,United States,119
ocd-vote/ec702d7e-9d48-410f-ac9c-f8ef45b8f161,us-2025-upper-97,On the Joint Resolution H.J.Res. 35,['passage'],2025-02-27T17:04:00+00:00,pass,ocd-organization/072da2ce-df81-52c3-9cc8-323e208cdf10,ocd-bill/47448845-eb89-4fb5-aea9-a2f70a1fd079,,United States,119
ocd-vote/91c979a0-e74e-404e-89ab-696c557c2871,us-2025-upper-100,On Cloture on the Motion to Proceed S. 9,['passage'],2025-03-03T11:27:00+00:00,fail,ocd-organization/072da2ce-df81-52c3-9cc8-323e208cdf10,ocd-bill/0b077483-1406-4dcc-9f99-9200d14ddef9,,United States,119
ocd-vote/8e7aa670-1341-4bc5-9696-e362f40e3823,us-2025-lower-54,On Motion to Suspend the Rules and Pass,['passage'],2025-03-03T23:54:00+00:00,pass,ocd-organization/24af4233-d9b5-5933-91b2-51d29f721037,ocd-bill/0de94846-0207-43b3-832b-0b2da4e65393,,United States,119
ocd-vote/9f1ef951-54b6-4c7c-b0fb-b877e1581929,us-2025-lower-55,On Motion to Suspend the Rules and Pass,['passage'],2025-03-04T00:01:00+00:00,pass,ocd-organization/24af4233-d9b5-5933-91b2-51d29f721037,ocd-bill/180fe400-ecd0-4b75-9d7e-7dfe0defce22,,United States,119
ocd-vote/967ca37b-5061-4829-8fcc-4c5dbce9fe6e,us-2025-upper-102,On the Joint Resolution S.J.Res. 3,['passage'],2025-03-04T10:05:00+00:00,pass,ocd-organization/072da2ce-df81-52c3-9cc8-323e208cdf10,ocd-bill/a22b446b-9b13-46ad-8f11-075951680e68,,United States,119
ocd-vote/dafd2b32-0eb0-425b-bda5-b19e03c8135c,us-2025-upper-103,On the Motion to Proceed S.J.Res. 28,['passage'],2025-03-04T10:58:00+00:00,pass,ocd-organization/072da2ce-df81-52c3-9cc8-323e208cdf10,ocd-bill/e8e8cdca-83bf-434d-9a3b-3df5b7291da3,,United States,119
ocd-vote/9b61dd30-28a3-454a-a01b-b49d699cd40b,us-2025-upper-101,On the Motion to Proceed S.J.Res. 3,['passage'],2025-03-04T16:02:00+00:00,pass,ocd-organization/072da2ce-df81-52c3-9cc8-323e208cdf10,ocd-bill/a22b446b-9b13-46ad-8f11-075951680e68,,United States,119
ocd-vote/ca444fe4-8ee2-40e5-b429-889654cfb8a9,us-2025-lower-56,On Ordering the Previous Question,['passage'],2025-03-04T18:53:00+00:00,pass,ocd-organization/24af4233-d9b5-5933-91b2-51d29f721037,ocd-bill/93d464e6-8858-4652-a436-0a63fdb481d9,,United States,119
ocd-vote/b2868efa-20c8-4431-940c-d958465aee50,us-2025-lower-57,On Agreeing to the Resolution,['passage'],2025-03-04T19:01:00+00:00,pass,ocd-organization/24af4233-d9b5-5933-91b2-51d29f721037,ocd-bill/93d464e6-8858-4652-a436-0a63fdb481d9,,United States,119
ocd-vote/ed15ae80-84fb-4aa2-b3b0-74bc4a7cc9e3,us-2025-upper-106,On the Joint Resolution S.J.Res. 28,['passage'],2025-03-05T09:49:00+00:00,pass,ocd-organization/072da2ce-df81-52c3-9cc8-323e208cdf10,ocd-bill/e8e8cdca-83bf-434d-9a3b-3df5b7291da3,,United States,119
ocd-vote/48acaba3-73f0-42b3-9077-19b51434d4c4,us-2025-lower-60,On Motion to Table,['passage'],2025-03-05T21:52:00+00:00,fail,ocd-organization/24af4233-d9b5-5933-91b2-51d29f721037,ocd-bill/41759b98-c728-4e40-88e9-eb59e7260dda,,United States,119
ocd-vote/1e012bef-710e-4f6e-b7cc-c27cb1a9c822,us-2025-upper-110,On Cloture on the Motion to Proceed S. 331,['passage'],2025-03-06T07:39:00+00:00,pass,ocd-organization/072da2ce-df81-52c3-9cc8-323e208cdf10,ocd-bill/ca6e8c6e-7713-4d50-b393-b8eb7b2f0597,,United States,119
ocd-vote/90ae2c7c-bff3-404b-ae5a-09970af5d7c9,us-2025-lower-62,On Agreeing to the Resolution,['passage'],2025-03-06T15:28:00+00:00,pass,ocd-organization/24af4233-d9b5-5933-91b2-51d29f721037,ocd-bill/41759b98-c728-4e40-88e9-eb59e7260dda,,United States,119
ocd-vote/c9d0f5eb-c9b3-4f97-9d29-be10c825686e,us-2025-lower-63,On Motion to Suspend the Rules and Pass,['passage'],2025-03-10T22:51:00+00:00,pass,ocd-organization/24af4233-d9b5-5933-91b2-51d29f721037,ocd-bill/0f507a51-e19a-47e9-b60f-7d2a546845ba,,United States,119
ocd-vote/5fdcd70b-c1a1-45e5-9021-2a97c77d46d9,us-2025-lower-64,On Motion to Suspend the Rules and Pass,['passage'],2025-03-10T22:59:00+00:00,pass,ocd-organization/24af4233-d9b5-5933-91b2-51d29f721037,ocd-bill/9514fd15-1d8c-4a14-a707-52ca6e2c1f45,,United States,119
ocd-vote/2525528c-c366-4a8e-84be-f79c873154f0,us-2025-lower-65,On Motion to Suspend the Rules and Pass,['passage'],2025-03-10T23:06:00+00:00,pass,ocd-organization/24af4233-d9b5-5933-91b2-51d29f721037,ocd-bill/4b5c1bd9-b81d-4fd1-b1b6-d9fbe7b92724,,United States,119
ocd-vote/ca5f344e-dc92-43ce-ba11-76b6c3d7d303,us-2025-lower-66,On Ordering the Previous Question,['passage'],2025-03-11T17:57:00+00:00,pass,ocd-organization/24af4233-d9b5-5933-91b2-51d29f721037,ocd-bill/a952eaef-b29b-41f2-8690-4d16d1f44557,,United States,119
ocd-vote/27cfb8f5-70e2-44ed-901b-5edbe3e73659,us-2025-lower-67,On Agreeing to the Resolution,['passage'],2025-03-11T18:04:00+00:00,pass,ocd-organization/24af4233-d9b5-5933-91b2-51d29f721037,ocd-bill/a952eaef-b29b-41f2-8690-4d16d1f44557,,United States,119
ocd-vote/9912d230-fe00-4c69-bfdb-98708ab2a1fb,us-2025-lower-68,On Passage,['passage'],2025-03-11T21:32:00+00:00,pass,ocd-organization/24af4233-d9b5-5933-91b2-51d29f721037,ocd-bill/72400800-f1ba-4ec5-ae70-8411f403a4f1,,United States,119
ocd-vote/4b868bfc-2acc-4717-8211-8224d81816dc,us-2025-lower-69,On Motion to Recommit,['passage'],2025-03-11T21:38:00+00:00,fail,ocd-organization/24af4233-d9b5-5933-91b2-51d29f721037,ocd-bill/ec3ed283-d0f2-45ff-852f-f1462b8b5162,,United States,119
ocd-vote/b59dfe41-9c97-4b05-ace7-498b01854eaa,us-2025-lower-70,On Passage,['passage'],2025-03-11T21:45:00+00:00,pass,ocd-organization/24af4233-d9b5-5933-91b2-51d29f721037,ocd-bill/ec3ed283-d0f2-45ff-852f-f1462b8b5162,,United States,119
ocd-vote/79f01aca-987d-4c1e-a411-391cd8f24e06,us-2025-upper-124,On the Cloture Motion S. 331,['passage'],2025-03-13T09:36:00+00:00,pass,ocd-organization/072da2ce-df81-52c3-9cc8-323e208cdf10,ocd-bill/ca6e8c6e-7713-4d50-b393-b8eb7b2f0597,,United States,119
ocd-vote/d50dfbc7-800e-4d4c-a4b6-b1df6a6746c1,us-2025-upper-127,On Passage of the Bill S. 331,['passage'],2025-03-14T06:21:00+00:00,pass,ocd-organization/072da2ce-df81-52c3-9cc8-323e208cdf10,ocd-bill/ca6e8c6e-7713-4d50-b393-b8eb7b2f0597,,United States,119
ocd-vote/f2a2ffd7-0cb4-4ae7-9422-e25491cb9d74,us-2025-upper-128,On the Cloture Motion H.R. 1968,['passage'],2025-03-14T08:27:00+00:00,pass,ocd-organization/072da2ce-df81-52c3-9cc8-323e208cdf10,ocd-bill/ec3ed283-d0f2-45ff-852f-f1462b8b5162,,United States,119
ocd-vote/10729a63-604f-420a-82d3-9db09e69a829,us-2025-upper-133,On Passage of the Bill H.R. 1968,['passage'],2025-03-14T10:04:00+00:00,pass,ocd-organization/072da2ce-df81-52c3-9cc8-323e208cdf10,ocd-bill/ec3ed283-d0f2-45ff-852f-f1462b8b5162,,United States,119
ocd-vote/58c6f573-b12f-4031-b001-34c902eeedd9,us-2025-lower-72,On Motion to Suspend the Rules and Pass,['passage'],2025-03-24T22:55:00+00:00,pass,ocd-organization/24af4233-d9b5-5933-91b2-51d29f721037,ocd-bill/fe30cab7-5efb-47e4-acbd-e42bd81fc80d,,United States,119
ocd-vote/8b1fdfc2-f6c7-40f7-8f02-4f0883d8e388,us-2025-lower-73,On Motion to Suspend the Rules and Pass,['passage'],2025-03-24T23:08:00+00:00,pass,ocd-organization/24af4233-d9b5-5933-91b2-51d29f721037,ocd-bill/13cfb94c-62e3-49cc-8b6a-aef8025de161,,United States,119
ocd-vote/0e4a1698-3068-4bbf-a0fe-2b0c8a5cf264,us-2025-lower-74,On Motion to Suspend the Rules and Pass,['passage'],2025-03-25T17:54:00+00:00,pass,ocd-organization/24af4233-d9b5-5933-91b2-51d29f721037,ocd-bill/dd3b0322-5e86-4bf1-9745-7cea42b7ec2d,,United States,119
ocd-vote/4669c4e6-1154-4319-a89b-1c672d7b556b,us-2025-lower-75,On Ordering the Previous Question,['passage'],2025-03-25T18:03:00+00:00,pass,ocd-organization/24af4233-d9b5-5933-91b2-51d29f721037,ocd-bill/84170f1c-6297-46ee-ad8e-ee50e50222c9,,United States,119
ocd-vote/ea34e7a1-1ff9-4fd2-b97f-b38686c90174,us-2025-lower-76,On Agreeing to the Resolution,['passage'],2025-03-25T18:26:00+00:00,pass,ocd-organization/24af4233-d9b5-5933-91b2-51d29f721037,ocd-bill/84170f1c-6297-46ee-ad8e-ee50e50222c9,,United States,119
ocd-vote/e0143e3c-cc63-4580-a724-c1ae36f028d2,us-2025-upper-150,On the Motion to Proceed H.J.Res. 25,['passage'],2025-03-26T10:01:00+00:00,pass,ocd-organization/072da2ce-df81-52c3-9cc8-323e208cdf10,ocd-bill/9a609605-341c-4ebe-a9be-b49ada1f0844,,United States,119
ocd-vote/e1513288-b6f6-455f-9320-2682f14fe01c,us-2025-upper-151,On the Joint Resolution H.J.Res. 25,['passage'],2025-03-26T12:01:00+00:00,pass,ocd-organization/072da2ce-df81-52c3-9cc8-323e208cdf10,ocd-bill/9a609605-341c-4ebe-a9be-b49ada1f0844,,United States,119
ocd-vote/90a0c581-ec70-4b3a-b8ea-bf564042bec2,us-2025-upper-152,On the Motion to Proceed S.J.Res. 18,['passage'],2025-03-26T12:48:00+00:00,pass,ocd-organization/072da2ce-df81-52c3-9cc8-323e208cdf10,ocd-bill/d14e801e-90b4-4459-96ba-abcc08cd8b54,,United States,119
ocd-vote/b6445bdf-d139-4d62-8a8b-ce981915d029,us-2025-lower-83,On Passage,['passage'],2025-03-27T14:52:00+00:00,pass,ocd-organization/24af4233-d9b5-5933-91b2-51d29f721037,ocd-bill/01a62a64-b294-47ee-a160-f9b913571744,,United States,119
ocd-vote/9798c2a0-6217-45c3-b124-deb2841a67f8,us-2025-upper-153,On the Joint Resolution S.J.Res. 18,['passage'],2025-03-27T15:28:00+00:00,pass,ocd-organization/072da2ce-df81-52c3-9cc8-323e208cdf10,ocd-bill/d14e801e-90b4-4459-96ba-abcc08cd8b54,,United States,119
ocd-vote/2e6a6164-52e9-4c67-93ce-db9bd8ee5681,us-2025-lower-84,"On Motion to Suspend the Rules and Pass, as Amended",['passage'],2025-03-31T22:53:00+00:00,pass,ocd-organization/24af4233-d9b5-5933-91b2-51d29f721037,ocd-bill/ed7dde5f-f8d3-41bb-b7bb-24af74283abe,,United States,119
ocd-vote/221e6cec-b296-4ce7-b29b-f27c39c9a2ed,us-2025-lower-85,"On Motion to Suspend the Rules and Pass, as Amended",['passage'],2025-03-31T23:01:00+00:00,pass,ocd-organization/24af4233-d9b5-5933-91b2-51d29f721037,ocd-bill/3bb167b9-9059-4933-9610-2330c35501b5,,United States,119
ocd-vote/d9c86561-a4f4-45c8-8efe-fd8d85552728,us-2025-lower-86,On Ordering the Previous Question,['passage'],2025-04-01T17:56:00+00:00,pass,ocd-organization/24af4233-d9b5-5933-91b2-51d29f721037,ocd-bill/f606e341-e83c-4301-b2fc-87e896f61ec9,,United States,119
ocd-vote/521d4b9b-f73b-4fa0-a83b-431487a33a27,us-2025-lower-87,On Agreeing to the Resolution,['passage'],2025-04-01T18:13:00+00:00,fail,ocd-organization/24af4233-d9b5-5933-91b2-51d29f721037,ocd-bill/f606e341-e83c-4301-b2fc-87e896f61ec9,,United States,119
ocd-vote/9ccb7e4d-c5e3-459f-a832-05e44e6110cc,us-2025-lower-88,"On Motion to Suspend the Rules and Pass, as Amended",['passage'],2025-04-01T18:31:00+00:00,pass,ocd-organization/24af4233-d9b5-5933-91b2-51d29f721037,ocd-bill/d880265c-54c9-4f4f-b982-6194d6fd1340,,United States,119
ocd-vote/8cf1823a-a339-4044-9c87-bf1de0bf4d77,us-2025-upper-160,On the Joint Resolution S.J.Res. 37,['passage'],2025-04-02T11:00:00+00:00,pass,ocd-organization/072da2ce-df81-52c3-9cc8-323e208cdf10,ocd-bill/450c4082-ae7d-4943-ab76-ed1efd959ce6,,United States,119
ocd-vote/36a85bec-d415-4a43-8f46-330d77e48570,us-2025-upper-161,On the Motion to Proceed H.J.Res. 24,['passage'],2025-04-02T11:38:00+00:00,pass,ocd-organization/072da2ce-df81-52c3-9cc8-323e208cdf10,ocd-bill/f56c4d76-0185-4493-932a-5894e6dbddcb,,United States,119
ocd-vote/8cf5b77a-1a55-4b0e-8773-8d9c55af4d83,us-2025-upper-165,On the Motion to Discharge S.J.Res. 33,['passage'],2025-04-03T06:46:00+00:00,fail,ocd-organization/072da2ce-df81-52c3-9cc8-323e208cdf10,ocd-bill/0ee336c3-e4eb-4770-97fd-0edace484bdb,,United States,119
ocd-vote/b7490e22-d11f-4935-9ba8-a9dfb85721d6,us-2025-upper-166,On the Motion to Discharge S.J.Res. 26,['passage'],2025-04-03T07:24:00+00:00,fail,ocd-organization/072da2ce-df81-52c3-9cc8-323e208cdf10,ocd-bill/e6050162-4732-4a49-9b11-aa1c6240f001,,United States,119
ocd-vote/84de2fdd-7735-4825-ac0d-5a1bbb55dd6d,us-2025-upper-169,On the Motion to Proceed H.Con.Res. 14,['passage'],2025-04-03T10:17:00+00:00,pass,ocd-organization/072da2ce-df81-52c3-9cc8-323e208cdf10,ocd-bill/05bb1f70-0d11-47b7-9e2c-5a5db4a01c0f,,United States,119
ocd-vote/ae409c80-ad46-45b8-b654-a55669fcdb0b,us-2025-upper-162,On the Joint Resolution H.J.Res. 24,['passage'],2025-04-03T15:01:00+00:00,pass,ocd-organization/072da2ce-df81-52c3-9cc8-323e208cdf10,ocd-bill/f56c4d76-0185-4493-932a-5894e6dbddcb,,United States,119
ocd-vote/90a9cd0b-94dc-401d-a182-499062038495,us-2025-upper-191,On the Concurrent Resolution H.Con.Res. 14,['passage'],2025-04-05T06:26:00+00:00,pass,ocd-organization/072da2ce-df81-52c3-9cc8-323e208cdf10,ocd-bill/05bb1f70-0d11-47b7-9e2c-5a5db4a01c0f,,United States,119
ocd-vote/ed08e37c-dc2c-4a99-a8cb-844fec80bb3a,us-2025-lower-89,"On Motion to Suspend the Rules and Pass, as Amended",['passage'],2025-04-07T22:54:00+00:00,pass,ocd-organization/24af4233-d9b5-5933-91b2-51d29f721037,ocd-bill/5c428e99-4b19-4ba3-8cf9-9fe2d68be703,,United States,119
ocd-vote/41b13af5-45ad-44f0-946f-062b52b5a2af,us-2025-lower-90,"On Motion to Suspend the Rules and Pass, as Amended",['passage'],2025-04-07T23:02:00+00:00,pass,ocd-organization/24af4233-d9b5-5933-91b2-51d29f721037,ocd-bill/d901be8f-5880-419f-9a87-db7d2692fc44,,United States,119
ocd-vote/7443cfab-6434-40a4-958e-c0e14662cd1e,us-2025-lower-91,On Ordering the Previous Question,['passage'],2025-04-08T19:12:00+00:00,pass,ocd-organization/24af4233-d9b5-5933-91b2-51d29f721037,ocd-bill/1022f62f-758e-441f-9082-1e2d7c0ae7d4,,United States,119
ocd-vote/477575e3-e98c-4494-add2-0edf45d96f90,us-2025-lower-92,On Agreeing to the Resolution,['passage'],2025-04-08T19:20:00+00:00,pass,ocd-organization/24af4233-d9b5-5933-91b2-51d29f721037,ocd-bill/1022f62f-758e-441f-9082-1e2d7c0ae7d4,,United States,119
ocd-vote/f5937edf-f74f-42d8-8962-463992b83295,us-2025-upper-206,On the Motion to Proceed H.J.Res. 20,['passage'],2025-04-09T11:44:00+00:00,pass,ocd-organization/072da2ce-df81-52c3-9cc8-323e208cdf10,ocd-bill/30325e59-e9c1-4faa-951c-d56b5a89eece,,United States,119
ocd-vote/9058fcdd-d2af-4954-a24a-55f0df377901,us-2025-lower-93,On Ordering the Previous Question,['passage'],2025-04-09T20:02:00+00:00,pass,ocd-organization/24af4233-d9b5-5933-91b2-51d29f721037,ocd-bill/11eedd00-cd76-4193-80ed-84e3c1561364,,United States,119
ocd-vote/c9cedce7-df67-4ae0-93e3-1debe627e3f8,us-2025-lower-94,On Agreeing to the Resolution,['passage'],2025-04-09T20:11:00+00:00,pass,ocd-organization/24af4233-d9b5-5933-91b2-51d29f721037,ocd-bill/11eedd00-cd76-4193-80ed-84e3c1561364,,United States,119
ocd-vote/326ee42f-c0a6-46bf-aa43-c18ddf3f515a,us-2025-lower-97,On Motion to Recommit,['passage'],2025-04-09T22:41:00+00:00,fail,ocd-organization/24af4233-d9b5-5933-91b2-51d29f721037,ocd-bill/7c1aa3a0-295a-4822-adfa-85ce8124b9ae,,United States,119
ocd-vote/24b75bc4-e86c-4547-a63f-00c92a011da8,us-2025-lower-98,On Passage,['passage'],2025-04-10T00:03:00+00:00,pass,ocd-organization/24af4233-d9b5-5933-91b2-51d29f721037,ocd-bill/7c1aa3a0-295a-4822-adfa-85ce8124b9ae,,United States,119
ocd-vote/add2a4fe-4e4c-4ca5-ad49-bf87c5390930,us-2025-lower-99,On Motion to Suspend the Rules and Pass,['passage'],2025-04-10T00:18:00+00:00,pass,ocd-organization/24af4233-d9b5-5933-91b2-51d29f721037,ocd-bill/3110de20-bd0f-46c4-9b24-035b44da420d,,United States,119
ocd-vote/7689923d-de1c-46cc-9594-f2a75c97f2e4,us-2025-upper-207,On the Joint Resolution H.J.Res. 20,['passage'],2025-04-10T14:57:00+00:00,pass,ocd-organization/072da2ce-df81-52c3-9cc8-323e208cdf10,ocd-bill/30325e59-e9c1-4faa-951c-d56b5a89eece,,United States,119
ocd-vote/84e6be1f-1a7b-4eb4-9e2e-c2a5ab3756ed,us-2025-lower-101,On Motion to Recommit,['passage'],2025-04-10T15:14:00+00:00,fail,ocd-organization/24af4233-d9b5-5933-91b2-51d29f721037,ocd-bill/c326e3e1-dadc-44e0-b660-06db0b2ac8ca,,United States,119
ocd-vote/f66a86ff-3923-44ac-bb38-9ebff7500b22,us-2025-lower-102,On Passage,['passage'],2025-04-10T15:21:00+00:00,pass,ocd-organization/24af4233-d9b5-5933-91b2-51d29f721037,ocd-bill/c326e3e1-dadc-44e0-b660-06db0b2ac8ca,,United States,119
