Downloaded on,3/27/25,,10:48:11 EDT,,,
Name,URL,,State,District,Party,Terms
"Adams, Alma S. - Representative",https://www.congress.gov/member/alma-adams/A000370,A000370,North Carolina,12,Democratic,House: 2014-Present
"Aderholt, Robert B. - Representative",https://www.congress.gov/member/robert-aderholt/A000055,A000055,Alabama,4,Republican,House: 1997-Present
"Aguilar, Pete - Representative",https://www.congress.gov/member/pete-aguilar/A000371,A000371,California,33,Democratic,House: 2015-Present
"Alford, Mark - Representative",https://www.congress.gov/member/mark-alford/A000379,A000379,Missouri,4,Republican,House: 2023-Present
"Allen, Rick W. - Representative",https://www.congress.gov/member/rick-allen/A000372,A000372,Georgia,12,Republican,House: 2015-Present
"Amo, Gabe - Representative",https://www.congress.gov/member/gabe-amo/A000380,A000380,Rhode Island,1,Democratic,House: 2023-Present
"Amodei, Mark E. - Representative",https://www.congress.gov/member/mark-amodei/A000369,A000369,Nevada,2,Republican,House: 2011-Present
"Ansari, Yassamin - Representative",https://www.congress.gov/member/yassamin-ansari/A000381,A000381,Arizona,3,Democratic,House: 2025-Present
"Arrington, Jodey C. - Representative",https://www.congress.gov/member/jodey-arrington/A000375,A000375,Texas,19,Republican,House: 2017-Present
"Auchincloss, Jake - Representative",https://www.congress.gov/member/jake-auchincloss/A000148,A000148,Massachusetts,4,Democratic,House: 2021-Present
"Babin, Brian - Representative",https://www.congress.gov/member/brian-babin/B001291,B001291,Texas,36,Republican,House: 2015-Present
"Bacon, Don - Representative",https://www.congress.gov/member/don-bacon/B001298,B001298,Nebraska,2,Republican,House: 2017-Present
"Baird, James R. - Representative",https://www.congress.gov/member/james-baird/B001307,B001307,Indiana,4,Republican,House: 2019-Present
"Balderson, Troy - Representative",https://www.congress.gov/member/troy-balderson/B001306,B001306,Ohio,12,Republican,House: 2018-Present
"Balint, Becca - Representative",https://www.congress.gov/member/becca-balint/B001318,B001318,Vermont,At Large,Democratic,House: 2023-Present
"Barr, Andy - Representative",https://www.congress.gov/member/andy-barr/B001282,B001282,Kentucky,6,Republican,House: 2013-Present
"Barragán, Nanette Diaz - Representative",https://www.congress.gov/member/nanette-barragan/B001300,B001300,California,44,Democratic,House: 2017-Present
"Barrett, Tom - Representative",https://www.congress.gov/member/tom-barrett/B001321,B001321,Michigan,7,Republican,House: 2025-Present
"Baumgartner, Michael - Representative",https://www.congress.gov/member/michael-baumgartner/B001322,B001322,Washington,5,Republican,House: 2025-Present
"Bean, Aaron - Representative",https://www.congress.gov/member/aaron-bean/B001314,B001314,Florida,4,Republican,House: 2023-Present
"Beatty, Joyce - Representative",https://www.congress.gov/member/joyce-beatty/B001281,B001281,Ohio,3,Democratic,House: 2013-Present
"Begich, Nicholas - Representative",https://www.congress.gov/member/nicholas-begich/B001323,B001323,Alaska,At Large,Republican,House: 2025-Present
"Bell, Wesley - Representative",https://www.congress.gov/member/wesley-bell/B001324,B001324,Missouri,1,Democratic,House: 2025-Present
"Bentz, Cliff - Representative",https://www.congress.gov/member/cliff-bentz/B000668,B000668,Oregon,2,Republican,House: 2021-Present
"Bera, Ami - Representative",https://www.congress.gov/member/ami-bera/B001287,B001287,California,6,Democratic,House: 2013-Present
"Bergman, Jack - Representative",https://www.congress.gov/member/jack-bergman/B001301,B001301,Michigan,1,Republican,House: 2017-Present
"Beyer, Donald S. - Representative",https://www.congress.gov/member/donald-beyer/B001292,B001292,Virginia,8,Democratic,House: 2015-Present
"Bice, Stephanie I. - Representative",https://www.congress.gov/member/stephanie-bice/B000740,B000740,Oklahoma,5,Republican,House: 2021-Present
"Biggs, Andy - Representative",https://www.congress.gov/member/andy-biggs/B001302,B001302,Arizona,5,Republican,House: 2017-Present
"Biggs, Sheri - Representative",https://www.congress.gov/member/sheri-biggs/B001325,B001325,South Carolina,3,Republican,House: 2025-Present
"Bilirakis, Gus M. - Representative",https://www.congress.gov/member/gus-bilirakis/B001257,B001257,Florida,12,Republican,House: 2007-Present
"Bishop, Sanford D. - Representative",https://www.congress.gov/member/sanford-bishop/B000490,B000490,Georgia,2,Democratic,House: 1993-Present
"Boebert, Lauren - Representative",https://www.congress.gov/member/lauren-boebert/B000825,B000825,Colorado,4,Republican,House: 2021-Present
"Bonamici, Suzanne - Representative",https://www.congress.gov/member/suzanne-bonamici/B001278,B001278,Oregon,1,Democratic,House: 2012-Present
"Bost, Mike - Representative",https://www.congress.gov/member/mike-bost/B001295,B001295,Illinois,12,Republican,House: 2015-Present
"Boyle, Brendan F. - Representative",https://www.congress.gov/member/brendan-boyle/B001296,B001296,Pennsylvania,2,Democratic,House: 2015-Present
"Brecheen, Josh - Representative",https://www.congress.gov/member/josh-brecheen/B001317,B001317,Oklahoma,2,Republican,House: 2023-Present
"Bresnahan, Robert - Representative",https://www.congress.gov/member/robert-bresnahan/B001327,B001327,Pennsylvania,8,Republican,House: 2025-Present
"Brown, Shontel M. - Representative",https://www.congress.gov/member/shontel-brown/B001313,B001313,Ohio,11,Democratic,House: 2021-Present
"Brownley, Julia - Representative",https://www.congress.gov/member/julia-brownley/B001285,B001285,California,26,Democratic,House: 2013-Present
"Buchanan, Vern - Representative",https://www.congress.gov/member/vern-buchanan/B001260,B001260,Florida,16,Republican,House: 2007-Present
"Budzinski, Nikki - Representative",https://www.congress.gov/member/nikki-budzinski/B001315,B001315,Illinois,13,Democratic,House: 2023-Present
"Burchett, Tim - Representative",https://www.congress.gov/member/tim-burchett/B001309,B001309,Tennessee,2,Republican,House: 2019-Present
"Burlison, Eric - Representative",https://www.congress.gov/member/eric-burlison/B001316,B001316,Missouri,7,Republican,House: 2023-Present
"Bynum, Janelle - Representative",https://www.congress.gov/member/janelle-bynum/B001326,B001326,Oregon,5,Democratic,House: 2025-Present
"Calvert, Ken - Representative",https://www.congress.gov/member/ken-calvert/C000059,C000059,California,41,Republican,House: 1993-Present
"Cammack, Kat - Representative",https://www.congress.gov/member/kat-cammack/C001039,C001039,Florida,3,Republican,House: 2021-Present
"Carbajal, Salud O. - Representative",https://www.congress.gov/member/salud-carbajal/C001112,C001112,California,24,Democratic,House: 2017-Present
"Carey, Mike - Representative",https://www.congress.gov/member/mike-carey/C001126,C001126,Ohio,15,Republican,House: 2021-Present
"Carson, André - Representative",https://www.congress.gov/member/andre-carson/C001072,C001072,Indiana,7,Democratic,House: 2008-Present
"Carter, Earl L. ""Buddy"" - Representative",https://www.congress.gov/member/earl-carter/C001103,C001103,Georgia,1,Republican,House: 2015-Present
"Carter, John R. - Representative",https://www.congress.gov/member/john-carter/C001051,C001051,Texas,31,Republican,House: 2003-Present
"Carter, Troy A. - Representative",https://www.congress.gov/member/troy-carter/C001125,C001125,Louisiana,2,Democratic,House: 2021-Present
"Casar, Greg - Representative",https://www.congress.gov/member/greg-casar/C001131,C001131,Texas,35,Democratic,House: 2023-Present
"Case, Ed - Representative",https://www.congress.gov/member/ed-case/C001055,C001055,Hawaii,1,Democratic,"House: 2002-2007, 2019-Present"
"Casten, Sean - Representative",https://www.congress.gov/member/sean-casten/C001117,C001117,Illinois,6,Democratic,House: 2019-Present
"Castor, Kathy - Representative",https://www.congress.gov/member/kathy-castor/C001066,C001066,Florida,14,Democratic,House: 2007-Present
"Castro, Joaquin - Representative",https://www.congress.gov/member/joaquin-castro/C001091,C001091,Texas,20,Democratic,House: 2013-Present
"Cherfilus-McCormick, Sheila - Representative",https://www.congress.gov/member/sheila-cherfilus-mccormick/C001127,C001127,Florida,20,Democratic,House: 2022-Present
"Chu, Judy - Representative",https://www.congress.gov/member/judy-chu/C001080,C001080,California,28,Democratic,House: 2009-Present
"Ciscomani, Juan - Representative",https://www.congress.gov/member/juan-ciscomani/C001133,C001133,Arizona,6,Republican,House: 2023-Present
"Cisneros, Gilbert Ray, Jr. - Representative",https://www.congress.gov/member/gilbert-cisneros/C001123,C001123,California,31,Democratic,"House: 2019-2021, 2025-Present"
"Clark, Katherine M. - Representative",https://www.congress.gov/member/katherine-clark/C001101,C001101,Massachusetts,5,Democratic,House: 2013-Present
"Clarke, Yvette D. - Representative",https://www.congress.gov/member/yvette-clarke/C001067,C001067,New York,9,Democratic,House: 2007-Present
"Cleaver, Emanuel - Representative",https://www.congress.gov/member/emanuel-cleaver/C001061,C001061,Missouri,5,Democratic,House: 2005-Present
"Cline, Ben - Representative",https://www.congress.gov/member/ben-cline/C001118,C001118,Virginia,6,Republican,House: 2019-Present
"Cloud, Michael - Representative",https://www.congress.gov/member/michael-cloud/C001115,C001115,Texas,27,Republican,House: 2018-Present
"Clyburn, James E. - Representative",https://www.congress.gov/member/james-clyburn/C000537,C000537,South Carolina,6,Democratic,House: 1993-Present
"Clyde, Andrew S. - Representative",https://www.congress.gov/member/andrew-clyde/C001116,C001116,Georgia,9,Republican,House: 2021-Present
"Cohen, Steve - Representative",https://www.congress.gov/member/steve-cohen/C001068,C001068,Tennessee,9,Democratic,House: 2007-Present
"Cole, Tom - Representative",https://www.congress.gov/member/tom-cole/C001053,C001053,Oklahoma,4,Republican,House: 2003-Present
"Collins, Mike - Representative",https://www.congress.gov/member/mike-collins/C001129,C001129,Georgia,10,Republican,House: 2023-Present
"Comer, James - Representative",https://www.congress.gov/member/james-comer/C001108,C001108,Kentucky,1,Republican,House: 2016-Present
"Conaway, Herbert - Representative",https://www.congress.gov/member/herbert-conaway/C001136,C001136,New Jersey,3,Democratic,House: 2025-Present
"Connolly, Gerald E. - Representative",https://www.congress.gov/member/gerald-connolly/C001078,C001078,Virginia,11,Democratic,House: 2009-Present
"Correa, J. Luis - Representative",https://www.congress.gov/member/j-correa/C001110,C001110,California,46,Democratic,House: 2017-Present
"Costa, Jim - Representative",https://www.congress.gov/member/jim-costa/C001059,C001059,California,21,Democratic,House: 2005-Present
"Courtney, Joe - Representative",https://www.congress.gov/member/joe-courtney/C001069,C001069,Connecticut,2,Democratic,House: 2007-Present
"Craig, Angie - Representative",https://www.congress.gov/member/angie-craig/C001119,C001119,Minnesota,2,Democratic,House: 2019-Present
"Crane, Elijah - Representative",https://www.congress.gov/member/elijah-crane/C001132,C001132,Arizona,2,Republican,House: 2023-Present
"Crank, Jeff - Representative",https://www.congress.gov/member/jeff-crank/C001137,C001137,Colorado,5,Republican,House: 2025-Present
"Crawford, Eric A. ""Rick"" - Representative",https://www.congress.gov/member/eric-crawford/C001087,C001087,Arkansas,1,Republican,House: 2011-Present
"Crenshaw, Dan - Representative",https://www.congress.gov/member/dan-crenshaw/C001120,C001120,Texas,2,Republican,House: 2019-Present
"Crockett, Jasmine - Representative",https://www.congress.gov/member/jasmine-crockett/C001130,C001130,Texas,30,Democratic,House: 2023-Present
"Crow, Jason - Representative",https://www.congress.gov/member/jason-crow/C001121,C001121,Colorado,6,Democratic,House: 2019-Present
"Cuellar, Henry - Representative",https://www.congress.gov/member/henry-cuellar/C001063,C001063,Texas,28,Democratic,House: 2005-Present
"Davids, Sharice - Representative",https://www.congress.gov/member/sharice-davids/D000629,D000629,Kansas,3,Democratic,House: 2019-Present
"Davidson, Warren - Representative",https://www.congress.gov/member/warren-davidson/D000626,D000626,Ohio,8,Republican,House: 2016-Present
"Davis, Danny K. - Representative",https://www.congress.gov/member/danny-davis/D000096,D000096,Illinois,7,Democratic,House: 1997-Present
"Davis, Donald G. - Representative",https://www.congress.gov/member/donald-davis/D000230,D000230,North Carolina,1,Democratic,House: 2023-Present
"De La Cruz, Monica - Representative",https://www.congress.gov/member/monica-de-la-cruz/D000594,D000594,Texas,15,Republican,House: 2023-Present
"Dean, Madeleine - Representative",https://www.congress.gov/member/madeleine-dean/D000631,D000631,Pennsylvania,4,Democratic,House: 2019-Present
"DeGette, Diana - Representative",https://www.congress.gov/member/diana-degette/D000197,D000197,Colorado,1,Democratic,House: 1997-Present
"DeLauro, Rosa L. - Representative",https://www.congress.gov/member/rosa-delauro/D000216,D000216,Connecticut,3,Democratic,House: 1991-Present
"DelBene, Suzan K. - Representative",https://www.congress.gov/member/suzan-delbene/D000617,D000617,Washington,1,Democratic,House: 2012-Present
"Deluzio, Christopher R. - Representative",https://www.congress.gov/member/christopher-deluzio/D000530,D000530,Pennsylvania,17,Democratic,House: 2023-Present
"DeSaulnier, Mark - Representative",https://www.congress.gov/member/mark-desaulnier/D000623,D000623,California,10,Democratic,House: 2015-Present
"DesJarlais, Scott - Representative",https://www.congress.gov/member/scott-desjarlais/D000616,D000616,Tennessee,4,Republican,House: 2011-Present
"Dexter, Maxine - Representative",https://www.congress.gov/member/maxine-dexter/D000635,D000635,Oregon,3,Democratic,House: 2025-Present
"Diaz-Balart, Mario - Representative",https://www.congress.gov/member/mario-diaz-balart/D000600,D000600,Florida,26,Republican,House: 2003-Present
"Dingell, Debbie - Representative",https://www.congress.gov/member/debbie-dingell/D000624,D000624,Michigan,6,Democratic,House: 2015-Present
"Doggett, Lloyd - Representative",https://www.congress.gov/member/lloyd-doggett/D000399,D000399,Texas,37,Democratic,House: 1995-Present
"Donalds, Byron - Representative",https://www.congress.gov/member/byron-donalds/D000032,D000032,Florida,19,Republican,House: 2021-Present
"Downing, Troy - Representative",https://www.congress.gov/member/troy-downing/D000634,D000634,Montana,2,Republican,House: 2025-Present
"Dunn, Neal P. - Representative",https://www.congress.gov/member/neal-dunn/D000628,D000628,Florida,2,Republican,House: 2017-Present
"Edwards, Chuck - Representative",https://www.congress.gov/member/chuck-edwards/E000246,E000246,North Carolina,11,Republican,House: 2023-Present
"Elfreth, Sarah - Representative",https://www.congress.gov/member/sarah-elfreth/E000301,E000301,Maryland,3,Democratic,House: 2025-Present
"Ellzey, Jake - Representative",https://www.congress.gov/member/jake-ellzey/E000071,E000071,Texas,6,Republican,House: 2021-Present
"Emmer, Tom - Representative",https://www.congress.gov/member/tom-emmer/E000294,E000294,Minnesota,6,Republican,House: 2015-Present
"Escobar, Veronica - Representative",https://www.congress.gov/member/veronica-escobar/E000299,E000299,Texas,16,Democratic,House: 2019-Present
"Espaillat, Adriano - Representative",https://www.congress.gov/member/adriano-espaillat/E000297,E000297,New York,13,Democratic,House: 2017-Present
"Estes, Ron - Representative",https://www.congress.gov/member/ron-estes/E000298,E000298,Kansas,4,Republican,House: 2017-Present
"Evans, Dwight - Representative",https://www.congress.gov/member/dwight-evans/E000296,E000296,Pennsylvania,3,Democratic,House: 2016-Present
"Evans, Gabe - Representative",https://www.congress.gov/member/gabe-evans/E000300,E000300,Colorado,8,Republican,House: 2025-Present
"Ezell, Mike - Representative",https://www.congress.gov/member/mike-ezell/E000235,E000235,Mississippi,4,Republican,House: 2023-Present
"Fallon, Pat - Representative",https://www.congress.gov/member/pat-fallon/F000246,F000246,Texas,4,Republican,House: 2021-Present
"Fedorchak, Julie - Representative",https://www.congress.gov/member/julie-fedorchak/F000482,F000482,North Dakota,At Large,Republican,House: 2025-Present
"Feenstra, Randy - Representative",https://www.congress.gov/member/randy-feenstra/F000446,F000446,Iowa,4,Republican,House: 2021-Present
"Fields, Cleo - Representative",https://www.congress.gov/member/cleo-fields/F000110,F000110,Louisiana,6,Democratic,"House: 1993-1997, 2025-Present"
"Figures, Shomari - Representative",https://www.congress.gov/member/shomari-figures/F000481,F000481,Alabama,2,Democratic,House: 2025-Present
"Finstad, Brad - Representative",https://www.congress.gov/member/brad-finstad/F000475,F000475,Minnesota,1,Republican,House: 2022-Present
"Fischbach, Michelle - Representative",https://www.congress.gov/member/michelle-fischbach/F000470,F000470,Minnesota,7,Republican,House: 2021-Present
"Fitzgerald, Scott - Representative",https://www.congress.gov/member/scott-fitzgerald/F000471,F000471,Wisconsin,5,Republican,House: 2021-Present
"Fitzpatrick, Brian K. - Representative",https://www.congress.gov/member/brian-fitzpatrick/F000466,F000466,Pennsylvania,1,Republican,House: 2017-Present
"Fleischmann, Charles J. ""Chuck"" - Representative",https://www.congress.gov/member/charles-fleischmann/F000459,F000459,Tennessee,3,Republican,House: 2011-Present
"Fletcher, Lizzie - Representative",https://www.congress.gov/member/lizzie-fletcher/F000468,F000468,Texas,7,Democratic,House: 2019-Present
"Flood, Mike - Representative",https://www.congress.gov/member/mike-flood/F000474,F000474,Nebraska,1,Republican,House: 2022-Present
"Fong, Vince - Representative",https://www.congress.gov/member/vince-fong/F000480,F000480,California,20,Republican,House: 2024-Present
"Foster, Bill - Representative",https://www.congress.gov/member/bill-foster/F000454,F000454,Illinois,11,Democratic,"House: 2008-2011, 2013-Present"
"Foushee, Valerie P. - Representative",https://www.congress.gov/member/valerie-foushee/F000477,F000477,North Carolina,4,Democratic,House: 2023-Present
"Foxx, Virginia - Representative",https://www.congress.gov/member/virginia-foxx/F000450,F000450,North Carolina,5,Republican,House: 2005-Present
"Frankel, Lois - Representative",https://www.congress.gov/member/lois-frankel/F000462,F000462,Florida,22,Democratic,House: 2013-Present
"Franklin, Scott - Representative",https://www.congress.gov/member/scott-franklin/F000472,F000472,Florida,18,Republican,House: 2021-Present
"Friedman, Laura - Representative",https://www.congress.gov/member/laura-friedman/F000483,F000483,California,30,Democratic,House: 2025-Present
"Frost, Maxwell - Representative",https://www.congress.gov/member/maxwell-frost/F000476,F000476,Florida,10,Democratic,House: 2023-Present
"Fry, Russell - Representative",https://www.congress.gov/member/russell-fry/F000478,F000478,South Carolina,7,Republican,House: 2023-Present
"Fulcher, Russ - Representative",https://www.congress.gov/member/russ-fulcher/F000469,F000469,Idaho,1,Republican,House: 2019-Present
"Garamendi, John - Representative",https://www.congress.gov/member/john-garamendi/G000559,G000559,California,8,Democratic,House: 2009-Present
"Garbarino, Andrew R. - Representative",https://www.congress.gov/member/andrew-garbarino/G000597,G000597,New York,2,Republican,House: 2021-Present
"García, Jesús G. ""Chuy"" - Representative",https://www.congress.gov/member/jesus-garcia/G000586,G000586,Illinois,4,Democratic,House: 2019-Present
"Garcia, Robert - Representative",https://www.congress.gov/member/robert-garcia/G000598,G000598,California,42,Democratic,House: 2023-Present
"Garcia, Sylvia R. - Representative",https://www.congress.gov/member/sylvia-garcia/G000587,G000587,Texas,29,Democratic,House: 2019-Present
"Gill, Brandon - Representative",https://www.congress.gov/member/brandon-gill/G000603,G000603,Texas,26,Republican,House: 2025-Present
"Gillen, Laura - Representative",https://www.congress.gov/member/laura-gillen/G000602,G000602,New York,4,Democratic,House: 2025-Present
"Gimenez, Carlos A. - Representative",https://www.congress.gov/member/carlos-gimenez/G000593,G000593,Florida,28,Republican,House: 2021-Present
"Golden, Jared F. - Representative",https://www.congress.gov/member/jared-golden/G000592,G000592,Maine,2,Democratic,House: 2019-Present
"Goldman, Craig - Representative",https://www.congress.gov/member/craig-goldman/G000601,G000601,Texas,12,Republican,House: 2025-Present
"Goldman, Daniel S. - Representative",https://www.congress.gov/member/daniel-goldman/G000599,G000599,New York,10,Democratic,House: 2023-Present
"Gomez, Jimmy - Representative",https://www.congress.gov/member/jimmy-gomez/G000585,G000585,California,34,Democratic,House: 2017-Present
"Gonzales, Tony - Representative",https://www.congress.gov/member/tony-gonzales/G000594,G000594,Texas,23,Republican,House: 2021-Present
"Gonzalez, Vicente - Representative",https://www.congress.gov/member/vicente-gonzalez/G000581,G000581,Texas,34,Democratic,House: 2017-Present
"Gooden, Lance - Representative",https://www.congress.gov/member/lance-gooden/G000589,G000589,Texas,5,Republican,House: 2019-Present
"Goodlander, Maggie - Representative",https://www.congress.gov/member/maggie-goodlander/G000604,G000604,New Hampshire,2,Democratic,House: 2025-Present
"Gosar, Paul A. - Representative",https://www.congress.gov/member/paul-gosar/G000565,G000565,Arizona,9,Republican,House: 2011-Present
"Gottheimer, Josh - Representative",https://www.congress.gov/member/josh-gottheimer/G000583,G000583,New Jersey,5,Democratic,House: 2017-Present
"Graves, Sam - Representative",https://www.congress.gov/member/sam-graves/G000546,G000546,Missouri,6,Republican,House: 2001-Present
"Gray, Adam - Representative",https://www.congress.gov/member/adam-gray/G000605,G000605,California,13,Democratic,House: 2025-Present
"Green, Al - Representative",https://www.congress.gov/member/al-green/G000553,G000553,Texas,9,Democratic,House: 2005-Present
"Green, Mark E. - Representative",https://www.congress.gov/member/mark-green/G000590,G000590,Tennessee,7,Republican,House: 2019-Present
"Greene, Marjorie Taylor - Representative",https://www.congress.gov/member/marjorie-greene/G000596,G000596,Georgia,14,Republican,House: 2021-Present
"Griffith, H. Morgan - Representative",https://www.congress.gov/member/h-griffith/G000568,G000568,Virginia,9,Republican,House: 2011-Present
"Grijalva, Raúl M. - Representative",https://www.congress.gov/member/raul-grijalva/G000551,G000551,Arizona,7,Democratic,House: 2003-2025
"Grothman, Glenn - Representative",https://www.congress.gov/member/glenn-grothman/G000576,G000576,Wisconsin,6,Republican,House: 2015-Present
"Guest, Michael - Representative",https://www.congress.gov/member/michael-guest/G000591,G000591,Mississippi,3,Republican,House: 2019-Present
"Guthrie, Brett - Representative",https://www.congress.gov/member/brett-guthrie/G000558,G000558,Kentucky,2,Republican,House: 2009-Present
"Hageman, Harriet M. - Representative",https://www.congress.gov/member/harriet-hageman/H001096,H001096,Wyoming,At Large,Republican,House: 2023-Present
"Hamadeh, Abraham - Representative",https://www.congress.gov/member/abraham-hamadeh/H001098,H001098,Arizona,8,Republican,House: 2025-Present
"Harder, Josh - Representative",https://www.congress.gov/member/josh-harder/H001090,H001090,California,9,Democratic,House: 2019-Present
"Haridopolos, Mike - Representative",https://www.congress.gov/member/mike-haridopolos/H001099,H001099,Florida,8,Republican,House: 2025-Present
"Harrigan, Pat - Representative",https://www.congress.gov/member/pat-harrigan/H001101,H001101,North Carolina,10,Republican,House: 2025-Present
"Harris, Andy - Representative",https://www.congress.gov/member/andy-harris/H001052,H001052,Maryland,1,Republican,House: 2011-Present
"Harris, Mark - Representative",https://www.congress.gov/member/mark-harris/H001102,H001102,North Carolina,8,Republican,House: 2025-Present
"Harshbarger, Diana - Representative",https://www.congress.gov/member/diana-harshbarger/H001086,H001086,Tennessee,1,Republican,House: 2021-Present
"Hayes, Jahana - Representative",https://www.congress.gov/member/jahana-hayes/H001081,H001081,Connecticut,5,Democratic,House: 2019-Present
"Hern, Kevin - Representative",https://www.congress.gov/member/kevin-hern/H001082,H001082,Oklahoma,1,Republican,House: 2018-Present
"Hernández, Pablo - Resident Commissioner",https://www.congress.gov/member/pablo-hernandez/H001103,H001103,Puerto Rico,At Large,Democratic,House: 2025-Present
"Higgins, Clay - Representative",https://www.congress.gov/member/clay-higgins/H001077,H001077,Louisiana,3,Republican,House: 2017-Present
"Hill, J. French - Representative",https://www.congress.gov/member/j-hill/H001072,H001072,Arkansas,2,Republican,House: 2015-Present
"Himes, James A. - Representative",https://www.congress.gov/member/james-himes/H001047,H001047,Connecticut,4,Democratic,House: 2009-Present
"Hinson, Ashley - Representative",https://www.congress.gov/member/ashley-hinson/H001091,H001091,Iowa,2,Republican,House: 2021-Present
"Horsford, Steven - Representative",https://www.congress.gov/member/steven-horsford/H001066,H001066,Nevada,4,Democratic,"House: 2013-2015, 2019-Present"
"Houchin, Erin - Representative",https://www.congress.gov/member/erin-houchin/H001093,H001093,Indiana,9,Republican,House: 2023-Present
"Houlahan, Chrissy - Representative",https://www.congress.gov/member/chrissy-houlahan/H001085,H001085,Pennsylvania,6,Democratic,House: 2019-Present
"Hoyer, Steny H. - Representative",https://www.congress.gov/member/steny-hoyer/H000874,H000874,Maryland,5,Democratic,House: 1981-Present
"Hoyle, Val T. - Representative",https://www.congress.gov/member/val-hoyle/H001094,H001094,Oregon,4,Democratic,House: 2023-Present
"Hudson, Richard - Representative",https://www.congress.gov/member/richard-hudson/H001067,H001067,North Carolina,9,Republican,House: 2013-Present
"Huffman, Jared - Representative",https://www.congress.gov/member/jared-huffman/H001068,H001068,California,2,Democratic,House: 2013-Present
"Huizenga, Bill - Representative",https://www.congress.gov/member/bill-huizenga/H001058,H001058,Michigan,4,Republican,House: 2011-Present
"Hunt, Wesley - Representative",https://www.congress.gov/member/wesley-hunt/H001095,H001095,Texas,38,Republican,House: 2023-Present
"Hurd, Jeff - Representative",https://www.congress.gov/member/jeff-hurd/H001100,H001100,Colorado,3,Republican,House: 2025-Present
"Issa, Darrell - Representative",https://www.congress.gov/member/darrell-issa/I000056,I000056,California,48,Republican,"House: 2001-2019, 2021-Present"
"Ivey, Glenn - Representative",https://www.congress.gov/member/glenn-ivey/I000058,I000058,Maryland,4,Democratic,House: 2023-Present
"Jack, Brian - Representative",https://www.congress.gov/member/brian-jack/J000311,J000311,Georgia,3,Republican,House: 2025-Present
"Jackson, Jonathan L. - Representative",https://www.congress.gov/member/jonathan-jackson/J000309,J000309,Illinois,1,Democratic,House: 2023-Present
"Jackson, Ronny - Representative",https://www.congress.gov/member/ronny-jackson/J000304,J000304,Texas,13,Republican,House: 2021-Present
"Jacobs, Sara - Representative",https://www.congress.gov/member/sara-jacobs/J000305,J000305,California,51,Democratic,House: 2021-Present
"James, John - Representative",https://www.congress.gov/member/john-james/J000307,J000307,Michigan,10,Republican,House: 2023-Present
"Jayapal, Pramila - Representative",https://www.congress.gov/member/pramila-jayapal/J000298,J000298,Washington,7,Democratic,House: 2017-Present
"Jeffries, Hakeem S. - Representative",https://www.congress.gov/member/hakeem-jeffries/J000294,J000294,New York,8,Democratic,House: 2013-Present
"Johnson, Dusty - Representative",https://www.congress.gov/member/dusty-johnson/J000301,J000301,South Dakota,At Large,Republican,House: 2019-Present
"Johnson, Henry C. ""Hank"" - Representative",https://www.congress.gov/member/henry-johnson/J000288,J000288,Georgia,4,Democratic,House: 2007-Present
"Johnson, Julie - Representative",https://www.congress.gov/member/julie-johnson/J000310,J000310,Texas,32,Democratic,House: 2025-Present
"Johnson, Mike - Representative",https://www.congress.gov/member/mike-johnson/J000299,J000299,Louisiana,4,Republican,House: 2017-Present
"Jordan, Jim - Representative",https://www.congress.gov/member/jim-jordan/J000289,J000289,Ohio,4,Republican,House: 2007-Present
"Joyce, David P. - Representative",https://www.congress.gov/member/david-joyce/J000295,J000295,Ohio,14,Republican,House: 2013-Present
"Joyce, John - Representative",https://www.congress.gov/member/john-joyce/J000302,J000302,Pennsylvania,13,Republican,House: 2019-Present
"Kamlager-Dove, Sydney - Representative",https://www.congress.gov/member/sydney-kamlager-dove/K000400,K000400,California,37,Democratic,House: 2023-Present
"Kaptur, Marcy - Representative",https://www.congress.gov/member/marcy-kaptur/K000009,K000009,Ohio,9,Democratic,House: 1983-Present
"Kean, Thomas H. - Representative",https://www.congress.gov/member/thomas-kean/K000398,K000398,New Jersey,7,Republican,House: 2023-Present
"Keating, William R. - Representative",https://www.congress.gov/member/william-keating/K000375,K000375,Massachusetts,9,Democratic,House: 2011-Present
"Kelly, Mike - Representative",https://www.congress.gov/member/mike-kelly/K000376,K000376,Pennsylvania,16,Republican,House: 2011-Present
"Kelly, Robin L. - Representative",https://www.congress.gov/member/robin-kelly/K000385,K000385,Illinois,2,Democratic,House: 2013-Present
"Kelly, Trent - Representative",https://www.congress.gov/member/trent-kelly/K000388,K000388,Mississippi,1,Republican,House: 2015-Present
"Kennedy, Mike - Representative",https://www.congress.gov/member/mike-kennedy/K000403,K000403,Utah,3,Republican,House: 2025-Present
"Kennedy, Timothy M. - Representative",https://www.congress.gov/member/timothy-kennedy/K000402,K000402,New York,26,Democratic,House: 2024-Present
"Khanna, Ro - Representative",https://www.congress.gov/member/ro-khanna/K000389,K000389,California,17,Democratic,House: 2017-Present
"Kiggans, Jennifer A. - Representative",https://www.congress.gov/member/jennifer-kiggans/K000399,K000399,Virginia,2,Republican,House: 2023-Present
"Kiley, Kevin - Representative",https://www.congress.gov/member/kevin-kiley/K000401,K000401,California,3,Republican,House: 2023-Present
"Kim, Young - Representative",https://www.congress.gov/member/young-kim/K000397,K000397,California,40,Republican,House: 2021-Present
"King-Hinds, Kimberlyn - Delegate",https://www.congress.gov/member/kimberlyn-king-hinds/K000404,K000404,Northern Mariana Islands,At Large,Republican,House: 2025-Present
"Knott, Brad - Representative",https://www.congress.gov/member/brad-knott/K000405,K000405,North Carolina,13,Republican,House: 2025-Present
"Krishnamoorthi, Raja - Representative",https://www.congress.gov/member/raja-krishnamoorthi/K000391,K000391,Illinois,8,Democratic,House: 2017-Present
"Kustoff, David - Representative",https://www.congress.gov/member/david-kustoff/K000392,K000392,Tennessee,8,Republican,House: 2017-Present
"LaHood, Darin - Representative",https://www.congress.gov/member/darin-lahood/L000585,L000585,Illinois,16,Republican,House: 2015-Present
"LaLota, Nick - Representative",https://www.congress.gov/member/nick-lalota/L000598,L000598,New York,1,Republican,House: 2023-Present
"LaMalfa, Doug - Representative",https://www.congress.gov/member/doug-lamalfa/L000578,L000578,California,1,Republican,House: 2013-Present
"Landsman, Greg - Representative",https://www.congress.gov/member/greg-landsman/L000601,L000601,Ohio,1,Democratic,House: 2023-Present
"Langworthy, Nicholas A. - Representative",https://www.congress.gov/member/nicholas-langworthy/L000600,L000600,New York,23,Republican,House: 2023-Present
"Larsen, Rick - Representative",https://www.congress.gov/member/rick-larsen/L000560,L000560,Washington,2,Democratic,House: 2001-Present
"Larson, John B. - Representative",https://www.congress.gov/member/john-larson/L000557,L000557,Connecticut,1,Democratic,House: 1999-Present
"Latimer, George - Representative",https://www.congress.gov/member/george-latimer/L000606,L000606,New York,16,Democratic,House: 2025-Present
"Latta, Robert E. - Representative",https://www.congress.gov/member/robert-latta/L000566,L000566,Ohio,5,Republican,House: 2007-Present
"Lawler, Michael - Representative",https://www.congress.gov/member/michael-lawler/L000599,L000599,New York,17,Republican,House: 2023-Present
"Lee, Laurel M. - Representative",https://www.congress.gov/member/laurel-lee/L000597,L000597,Florida,15,Republican,House: 2023-Present
"Lee, Summer L. - Representative",https://www.congress.gov/member/summer-lee/L000602,L000602,Pennsylvania,12,Democratic,House: 2023-Present
"Lee, Susie - Representative",https://www.congress.gov/member/susie-lee/L000590,L000590,Nevada,3,Democratic,House: 2019-Present
"Leger Fernandez, Teresa - Representative",https://www.congress.gov/member/teresa-leger-fernandez/L000273,L000273,New Mexico,3,Democratic,House: 2021-Present
"Letlow, Julia - Representative",https://www.congress.gov/member/julia-letlow/L000595,L000595,Louisiana,5,Republican,House: 2021-Present
"Levin, Mike - Representative",https://www.congress.gov/member/mike-levin/L000593,L000593,California,49,Democratic,House: 2019-Present
"Liccardo, Sam - Representative",https://www.congress.gov/member/sam-liccardo/L000607,L000607,California,16,Democratic,House: 2025-Present
"Lieu, Ted - Representative",https://www.congress.gov/member/ted-lieu/L000582,L000582,California,36,Democratic,House: 2015-Present
"Lofgren, Zoe - Representative",https://www.congress.gov/member/zoe-lofgren/L000397,L000397,California,18,Democratic,House: 1995-Present
"Loudermilk, Barry - Representative",https://www.congress.gov/member/barry-loudermilk/L000583,L000583,Georgia,11,Republican,House: 2015-Present
"Lucas, Frank D. - Representative",https://www.congress.gov/member/frank-lucas/L000491,L000491,Oklahoma,3,Republican,House: 1993-Present
"Luna, Anna Paulina - Representative",https://www.congress.gov/member/anna-paulina-luna/L000596,L000596,Florida,13,Republican,House: 2023-Present
"Luttrell, Morgan - Representative",https://www.congress.gov/member/morgan-luttrell/L000603,L000603,Texas,8,Republican,House: 2023-Present
"Lynch, Stephen F. - Representative",https://www.congress.gov/member/stephen-lynch/L000562,L000562,Massachusetts,8,Democratic,House: 2001-Present
"Mace, Nancy - Representative",https://www.congress.gov/member/nancy-mace/M000194,M000194,South Carolina,1,Republican,House: 2021-Present
"Mackenzie, Ryan - Representative",https://www.congress.gov/member/ryan-mackenzie/M001230,M001230,Pennsylvania,7,Republican,House: 2025-Present
"Magaziner, Seth - Representative",https://www.congress.gov/member/seth-magaziner/M001223,M001223,Rhode Island,2,Democratic,House: 2023-Present
"Malliotakis, Nicole - Representative",https://www.congress.gov/member/nicole-malliotakis/M000317,M000317,New York,11,Republican,House: 2021-Present
"Maloy, Celeste - Representative",https://www.congress.gov/member/celeste-maloy/M001228,M001228,Utah,2,Republican,House: 2023-Present
"Mann, Tracey - Representative",https://www.congress.gov/member/tracey-mann/M000871,M000871,Kansas,1,Republican,House: 2021-Present
"Mannion, John - Representative",https://www.congress.gov/member/john-mannion/M001231,M001231,New York,22,Democratic,House: 2025-Present
"Massie, Thomas - Representative",https://www.congress.gov/member/thomas-massie/M001184,M001184,Kentucky,4,Republican,House: 2012-Present
"Mast, Brian J. - Representative",https://www.congress.gov/member/brian-mast/M001199,M001199,Florida,21,Republican,House: 2017-Present
"Matsui, Doris O. - Representative",https://www.congress.gov/member/doris-matsui/M001163,M001163,California,7,Democratic,House: 2005-Present
"McBath, Lucy - Representative",https://www.congress.gov/member/lucy-mcbath/M001208,M001208,Georgia,6,Democratic,House: 2019-Present
"McBride, Sarah - Representative",https://www.congress.gov/member/sarah-mcbride/M001238,M001238,Delaware,At Large,Democratic,House: 2025-Present
"McCaul, Michael T. - Representative",https://www.congress.gov/member/michael-mccaul/M001157,M001157,Texas,10,Republican,House: 2005-Present
"McClain Delaney, April - Representative",https://www.congress.gov/member/april-mcclain-delaney/M001232,M001232,Maryland,6,Democratic,House: 2025-Present
"McClain, Lisa C. - Representative",https://www.congress.gov/member/lisa-mcclain/M001136,M001136,Michigan,9,Republican,House: 2021-Present
"McClellan, Jennifer L. - Representative",https://www.congress.gov/member/jennifer-mcclellan/M001227,M001227,Virginia,4,Democratic,House: 2023-Present
"McClintock, Tom - Representative",https://www.congress.gov/member/tom-mcclintock/M001177,M001177,California,5,Republican,House: 2009-Present
"McCollum, Betty - Representative",https://www.congress.gov/member/betty-mccollum/M001143,M001143,Minnesota,4,Democratic,House: 2001-Present
"McCormick, Richard - Representative",https://www.congress.gov/member/richard-mccormick/M001218,M001218,Georgia,7,Republican,House: 2023-Present
"McDonald Rivet, Kristen - Representative",https://www.congress.gov/member/kristen-mcdonald-rivet/M001237,M001237,Michigan,8,Democratic,House: 2025-Present
"McDowell, Addison - Representative",https://www.congress.gov/member/addison-mcdowell/M001240,M001240,North Carolina,6,Republican,House: 2025-Present
"McGarvey, Morgan - Representative",https://www.congress.gov/member/morgan-mcgarvey/M001220,M001220,Kentucky,3,Democratic,House: 2023-Present
"McGovern, James P. - Representative",https://www.congress.gov/member/james-mcgovern/M000312,M000312,Massachusetts,2,Democratic,House: 1997-Present
"McGuire, John - Representative",https://www.congress.gov/member/john-mcguire/M001239,M001239,Virginia,5,Republican,House: 2025-Present
"McIver, LaMonica - Representative",https://www.congress.gov/member/lamonica-mciver/M001229,M001229,New Jersey,10,Democratic,House: 2024-Present
"Meeks, Gregory W. - Representative",https://www.congress.gov/member/gregory-meeks/M001137,M001137,New York,5,Democratic,House: 1997-Present
"Menendez, Robert - Representative",https://www.congress.gov/member/robert-menendez/M001226,M001226,New Jersey,8,Democratic,House: 2023-Present
"Meng, Grace - Representative",https://www.congress.gov/member/grace-meng/M001188,M001188,New York,6,Democratic,House: 2013-Present
"Messmer, Mark - Representative",https://www.congress.gov/member/mark-messmer/M001233,M001233,Indiana,8,Republican,House: 2025-Present
"Meuser, Daniel - Representative",https://www.congress.gov/member/daniel-meuser/M001204,M001204,Pennsylvania,9,Republican,House: 2019-Present
"Mfume, Kweisi - Representative",https://www.congress.gov/member/kweisi-mfume/M000687,M000687,Maryland,7,Democratic,"House: 1987-1997, 2020-Present"
"Miller, Carol D. - Representative",https://www.congress.gov/member/carol-miller/M001205,M001205,West Virginia,1,Republican,House: 2019-Present
"Miller, Mary E. - Representative",https://www.congress.gov/member/mary-miller/M001211,M001211,Illinois,15,Republican,House: 2021-Present
"Miller, Max L. - Representative",https://www.congress.gov/member/max-miller/M001222,M001222,Ohio,7,Republican,House: 2023-Present
"Miller-Meeks, Mariannette - Representative",https://www.congress.gov/member/mariannette-miller-meeks/M001215,M001215,Iowa,1,Republican,House: 2021-Present
"Mills, Cory - Representative",https://www.congress.gov/member/cory-mills/M001216,M001216,Florida,7,Republican,House: 2023-Present
"Min, Dave - Representative",https://www.congress.gov/member/dave-min/M001241,M001241,California,47,Democratic,House: 2025-Present
"Moolenaar, John R. - Representative",https://www.congress.gov/member/john-moolenaar/M001194,M001194,Michigan,2,Republican,House: 2015-Present
"Moore, Barry - Representative",https://www.congress.gov/member/barry-moore/M001212,M001212,Alabama,1,Republican,House: 2021-Present
"Moore, Blake D. - Representative",https://www.congress.gov/member/blake-moore/M001213,M001213,Utah,1,Republican,House: 2021-Present
"Moore, Gwen - Representative",https://www.congress.gov/member/gwen-moore/M001160,M001160,Wisconsin,4,Democratic,House: 2005-Present
"Moore, Riley - Representative",https://www.congress.gov/member/riley-moore/M001235,M001235,West Virginia,2,Republican,House: 2025-Present
"Moore, Tim - Representative",https://www.congress.gov/member/tim-moore/M001236,M001236,North Carolina,14,Republican,House: 2025-Present
"Moran, Nathaniel - Representative",https://www.congress.gov/member/nathaniel-moran/M001224,M001224,Texas,1,Republican,House: 2023-Present
"Morelle, Joseph D. - Representative",https://www.congress.gov/member/joseph-morelle/M001206,M001206,New York,25,Democratic,House: 2018-Present
"Morrison, Kelly - Representative",https://www.congress.gov/member/kelly-morrison/M001234,M001234,Minnesota,3,Democratic,House: 2025-Present
"Moskowitz, Jared - Representative",https://www.congress.gov/member/jared-moskowitz/M001217,M001217,Florida,23,Democratic,House: 2023-Present
"Moulton, Seth - Representative",https://www.congress.gov/member/seth-moulton/M001196,M001196,Massachusetts,6,Democratic,House: 2015-Present
"Moylan, James C. - Delegate",https://www.congress.gov/member/james-moylan/M001219,M001219,Guam,At Large,Republican,House: 2023-Present
"Mrvan, Frank J. - Representative",https://www.congress.gov/member/frank-mrvan/M001214,M001214,Indiana,1,Democratic,House: 2021-Present
"Mullin, Kevin - Representative",https://www.congress.gov/member/kevin-mullin/M001225,M001225,California,15,Democratic,House: 2023-Present
"Murphy, Gregory F. - Representative",https://www.congress.gov/member/gregory-murphy/M001210,M001210,North Carolina,3,Republican,House: 2019-Present
"Nadler, Jerrold - Representative",https://www.congress.gov/member/jerrold-nadler/N000002,N000002,New York,12,Democratic,House: 1991-Present
"Neal, Richard E. - Representative",https://www.congress.gov/member/richard-neal/N000015,N000015,Massachusetts,1,Democratic,House: 1989-Present
"Neguse, Joe - Representative",https://www.congress.gov/member/joe-neguse/N000191,N000191,Colorado,2,Democratic,House: 2019-Present
"Nehls, Troy E. - Representative",https://www.congress.gov/member/troy-nehls/N000026,N000026,Texas,22,Republican,House: 2021-Present
"Newhouse, Dan - Representative",https://www.congress.gov/member/dan-newhouse/N000189,N000189,Washington,4,Republican,House: 2015-Present
"Norcross, Donald - Representative",https://www.congress.gov/member/donald-norcross/N000188,N000188,New Jersey,1,Democratic,House: 2014-Present
"Norman, Ralph - Representative",https://www.congress.gov/member/ralph-norman/N000190,N000190,South Carolina,5,Republican,House: 2017-Present
"Norton, Eleanor Holmes - Delegate",https://www.congress.gov/member/eleanor-norton/N000147,N000147,District of Columbia,At Large,Democratic,House: 1991-Present
"Nunn, Zachary - Representative",https://www.congress.gov/member/zachary-nunn/N000193,N000193,Iowa,3,Republican,House: 2023-Present
"Obernolte, Jay - Representative",https://www.congress.gov/member/jay-obernolte/O000019,O000019,California,23,Republican,House: 2021-Present
"Ocasio-Cortez, Alexandria - Representative",https://www.congress.gov/member/alexandria-ocasio-cortez/O000172,O000172,New York,14,Democratic,House: 2019-Present
"Ogles, Andrew - Representative",https://www.congress.gov/member/andrew-ogles/O000175,O000175,Tennessee,5,Republican,House: 2023-Present
"Olszewski, Johnny - Representative",https://www.congress.gov/member/johnny-olszewski/O000176,O000176,Maryland,2,Democratic,House: 2025-Present
"Omar, Ilhan - Representative",https://www.congress.gov/member/ilhan-omar/O000173,O000173,Minnesota,5,Democratic,House: 2019-Present
"Onder, Robert - Representative",https://www.congress.gov/member/robert-onder/O000177,O000177,Missouri,3,Republican,House: 2025-Present
"Owens, Burgess - Representative",https://www.congress.gov/member/burgess-owens/O000086,O000086,Utah,4,Republican,House: 2021-Present
"Pallone, Frank - Representative",https://www.congress.gov/member/frank-pallone/P000034,P000034,New Jersey,6,Democratic,House: 1987-Present
"Palmer, Gary J. - Representative",https://www.congress.gov/member/gary-palmer/P000609,P000609,Alabama,6,Republican,House: 2015-Present
"Panetta, Jimmy - Representative",https://www.congress.gov/member/jimmy-panetta/P000613,P000613,California,19,Democratic,House: 2017-Present
"Pappas, Chris - Representative",https://www.congress.gov/member/chris-pappas/P000614,P000614,New Hampshire,1,Democratic,House: 2019-Present
"Pelosi, Nancy - Representative",https://www.congress.gov/member/nancy-pelosi/P000197,P000197,California,11,Democratic,House: 1987-Present
"Perez, Marie Gluesenkamp - Representative",https://www.congress.gov/member/marie-perez/G000600,G000600,Washington,3,Democratic,House: 2023-Present
"Perry, Scott - Representative",https://www.congress.gov/member/scott-perry/P000605,P000605,Pennsylvania,10,Republican,House: 2013-Present
"Peters, Scott H. - Representative",https://www.congress.gov/member/scott-peters/P000608,P000608,California,50,Democratic,House: 2013-Present
"Pettersen, Brittany - Representative",https://www.congress.gov/member/brittany-pettersen/P000620,P000620,Colorado,7,Democratic,House: 2023-Present
"Pfluger, August - Representative",https://www.congress.gov/member/august-pfluger/P000048,P000048,Texas,11,Republican,House: 2021-Present
"Pingree, Chellie - Representative",https://www.congress.gov/member/chellie-pingree/P000597,P000597,Maine,1,Democratic,House: 2009-Present
"Plaskett, Stacey E. - Delegate",https://www.congress.gov/member/stacey-plaskett/P000610,P000610,Virgin Islands,At Large,Democratic,House: 2015-Present
"Pocan, Mark - Representative",https://www.congress.gov/member/mark-pocan/P000607,P000607,Wisconsin,2,Democratic,House: 2013-Present
"Pou, Nellie - Representative",https://www.congress.gov/member/nellie-pou/P000621,P000621,New Jersey,9,Democratic,House: 2025-Present
"Pressley, Ayanna - Representative",https://www.congress.gov/member/ayanna-pressley/P000617,P000617,Massachusetts,7,Democratic,House: 2019-Present
"Quigley, Mike - Representative",https://www.congress.gov/member/mike-quigley/Q000023,Q000023,Illinois,5,Democratic,House: 2009-Present
"Radewagen, Aumua Amata Coleman - Delegate",https://www.congress.gov/member/aumua-amata-radewagen/R000600,R000600,American Samoa,At Large,Republican,House: 2015-Present
"Ramirez, Delia C. - Representative",https://www.congress.gov/member/delia-ramirez/R000617,R000617,Illinois,3,Democratic,House: 2023-Present
"Randall, Emily - Representative",https://www.congress.gov/member/emily-randall/R000621,R000621,Washington,6,Democratic,House: 2025-Present
"Raskin, Jamie - Representative",https://www.congress.gov/member/jamie-raskin/R000606,R000606,Maryland,8,Democratic,House: 2017-Present
"Reschenthaler, Guy - Representative",https://www.congress.gov/member/guy-reschenthaler/R000610,R000610,Pennsylvania,14,Republican,House: 2019-Present
"Riley, Josh - Representative",https://www.congress.gov/member/josh-riley/R000622,R000622,New York,19,Democratic,House: 2025-Present
"Rivas, Luz - Representative",https://www.congress.gov/member/luz-rivas/R000620,R000620,California,29,Democratic,House: 2025-Present
"Rogers, Harold - Representative",https://www.congress.gov/member/harold-rogers/R000395,R000395,Kentucky,5,Republican,House: 1981-Present
"Rogers, Mike D. - Representative",https://www.congress.gov/member/mike-rogers/R000575,R000575,Alabama,3,Republican,House: 2003-Present
"Rose, John W. - Representative",https://www.congress.gov/member/john-rose/R000612,R000612,Tennessee,6,Republican,House: 2019-Present
"Ross, Deborah K. - Representative",https://www.congress.gov/member/deborah-ross/R000305,R000305,North Carolina,2,Democratic,House: 2021-Present
"Rouzer, David - Representative",https://www.congress.gov/member/david-rouzer/R000603,R000603,North Carolina,7,Republican,House: 2015-Present
"Roy, Chip - Representative",https://www.congress.gov/member/chip-roy/R000614,R000614,Texas,21,Republican,House: 2019-Present
"Ruiz, Raul - Representative",https://www.congress.gov/member/raul-ruiz/R000599,R000599,California,25,Democratic,House: 2013-Present
"Rulli, Michael A. - Representative",https://www.congress.gov/member/michael-rulli/R000619,R000619,Ohio,6,Republican,House: 2024-Present
"Rutherford, John H. - Representative",https://www.congress.gov/member/john-rutherford/R000609,R000609,Florida,5,Republican,House: 2017-Present
"Ryan, Patrick - Representative",https://www.congress.gov/member/patrick-ryan/R000579,R000579,New York,18,Democratic,House: 2022-Present
"Salazar, Maria Elvira - Representative",https://www.congress.gov/member/maria-salazar/S000168,S000168,Florida,27,Republican,House: 2021-Present
"Salinas, Andrea - Representative",https://www.congress.gov/member/andrea-salinas/S001226,S001226,Oregon,6,Democratic,House: 2023-Present
"Sánchez, Linda T. - Representative",https://www.congress.gov/member/linda-sanchez/S001156,S001156,California,38,Democratic,House: 2003-Present
"Scalise, Steve - Representative",https://www.congress.gov/member/steve-scalise/S001176,S001176,Louisiana,1,Republican,House: 2008-Present
"Scanlon, Mary Gay - Representative",https://www.congress.gov/member/mary-scanlon/S001205,S001205,Pennsylvania,5,Democratic,House: 2018-Present
"Schakowsky, Janice D. - Representative",https://www.congress.gov/member/janice-schakowsky/S001145,S001145,Illinois,9,Democratic,House: 1999-Present
"Schmidt, Derek - Representative",https://www.congress.gov/member/derek-schmidt/S001228,S001228,Kansas,2,Republican,House: 2025-Present
"Schneider, Bradley Scott - Representative",https://www.congress.gov/member/bradley-schneider/S001190,S001190,Illinois,10,Democratic,"House: 2013-2015, 2017-Present"
"Scholten, Hillary J. - Representative",https://www.congress.gov/member/hillary-scholten/S001221,S001221,Michigan,3,Democratic,House: 2023-Present
"Schrier, Kim - Representative",https://www.congress.gov/member/kim-schrier/S001216,S001216,Washington,8,Democratic,House: 2019-Present
"Schweikert, David - Representative",https://www.congress.gov/member/david-schweikert/S001183,S001183,Arizona,1,Republican,House: 2011-Present
"Scott, Austin - Representative",https://www.congress.gov/member/austin-scott/S001189,S001189,Georgia,8,Republican,House: 2011-Present
"Scott, David - Representative",https://www.congress.gov/member/david-scott/S001157,S001157,Georgia,13,Democratic,House: 2003-Present
"Scott, Robert C. ""Bobby"" - Representative",https://www.congress.gov/member/robert-scott/S000185,S000185,Virginia,3,Democratic,House: 1993-Present
"Self, Keith - Representative",https://www.congress.gov/member/keith-self/S001224,S001224,Texas,3,Republican,House: 2023-Present
"Sessions, Pete - Representative",https://www.congress.gov/member/pete-sessions/S000250,S000250,Texas,17,Republican,"House: 1997-2019, 2021-Present"
"Sewell, Terri A. - Representative",https://www.congress.gov/member/terri-sewell/S001185,S001185,Alabama,7,Democratic,House: 2011-Present
"Sherman, Brad - Representative",https://www.congress.gov/member/brad-sherman/S000344,S000344,California,32,Democratic,House: 1997-Present
"Sherrill, Mikie - Representative",https://www.congress.gov/member/mikie-sherrill/S001207,S001207,New Jersey,11,Democratic,House: 2019-Present
"Shreve, Jefferson - Representative",https://www.congress.gov/member/jefferson-shreve/S001229,S001229,Indiana,6,Republican,House: 2025-Present
"Simon, Lateefah - Representative",https://www.congress.gov/member/lateefah-simon/S001231,S001231,California,12,Democratic,House: 2025-Present
"Simpson, Michael K. - Representative",https://www.congress.gov/member/michael-simpson/S001148,S001148,Idaho,2,Republican,House: 1999-Present
"Smith, Adam - Representative",https://www.congress.gov/member/adam-smith/S000510,S000510,Washington,9,Democratic,House: 1997-Present
"Smith, Adrian - Representative",https://www.congress.gov/member/adrian-smith/S001172,S001172,Nebraska,3,Republican,House: 2007-Present
"Smith, Christopher H. - Representative",https://www.congress.gov/member/christopher-smith/S000522,S000522,New Jersey,4,Republican,House: 1981-Present
"Smith, Jason - Representative",https://www.congress.gov/member/jason-smith/S001195,S001195,Missouri,8,Republican,House: 2013-Present
"Smucker, Lloyd - Representative",https://www.congress.gov/member/lloyd-smucker/S001199,S001199,Pennsylvania,11,Republican,House: 2017-Present
"Sorensen, Eric - Representative",https://www.congress.gov/member/eric-sorensen/S001225,S001225,Illinois,17,Democratic,House: 2023-Present
"Soto, Darren - Representative",https://www.congress.gov/member/darren-soto/S001200,S001200,Florida,9,Democratic,House: 2017-Present
"Spartz, Victoria - Representative",https://www.congress.gov/member/victoria-spartz/S000929,S000929,Indiana,5,Republican,House: 2021-Present
"Stansbury, Melanie A. - Representative",https://www.congress.gov/member/melanie-stansbury/S001218,S001218,New Mexico,1,Democratic,House: 2021-Present
"Stanton, Greg - Representative",https://www.congress.gov/member/greg-stanton/S001211,S001211,Arizona,4,Democratic,House: 2019-Present
"Stauber, Pete - Representative",https://www.congress.gov/member/pete-stauber/S001212,S001212,Minnesota,8,Republican,House: 2019-Present
"Stefanik, Elise M. - Representative",https://www.congress.gov/member/elise-stefanik/S001196,S001196,New York,21,Republican,House: 2015-Present
"Steil, Bryan - Representative",https://www.congress.gov/member/bryan-steil/S001213,S001213,Wisconsin,1,Republican,House: 2019-Present
"Steube, W. Gregory - Representative",https://www.congress.gov/member/w-steube/S001214,S001214,Florida,17,Republican,House: 2019-Present
"Stevens, Haley M. - Representative",https://www.congress.gov/member/haley-stevens/S001215,S001215,Michigan,11,Democratic,House: 2019-Present
"Strickland, Marilyn - Representative",https://www.congress.gov/member/marilyn-strickland/S001159,S001159,Washington,10,Democratic,House: 2021-Present
"Strong, Dale W. - Representative",https://www.congress.gov/member/dale-strong/S001220,S001220,Alabama,5,Republican,House: 2023-Present
"Stutzman, Marlin A. - Representative",https://www.congress.gov/member/marlin-stutzman/S001188,S001188,Indiana,3,Republican,"House: 2010-2017, 2025-Present"
"Subramanyam, Suhas - Representative",https://www.congress.gov/member/suhas-subramanyam/S001230,S001230,Virginia,10,Democratic,House: 2025-Present
"Suozzi, Thomas R. - Representative",https://www.congress.gov/member/thomas-suozzi/S001201,S001201,New York,3,Democratic,House: 2017-Present
"Swalwell, Eric - Representative",https://www.congress.gov/member/eric-swalwell/S001193,S001193,California,14,Democratic,House: 2013-Present
"Sykes, Emilia Strong - Representative",https://www.congress.gov/member/emilia-sykes/S001223,S001223,Ohio,13,Democratic,House: 2023-Present
"Takano, Mark - Representative",https://www.congress.gov/member/mark-takano/T000472,T000472,California,39,Democratic,House: 2013-Present
"Taylor, David - Representative",https://www.congress.gov/member/david-taylor/T000490,T000490,Ohio,2,Republican,House: 2025-Present
"Tenney, Claudia - Representative",https://www.congress.gov/member/claudia-tenney/T000478,T000478,New York,24,Republican,"House: 2017-2019, 2021-Present"
"Thanedar, Shri - Representative",https://www.congress.gov/member/shri-thanedar/T000488,T000488,Michigan,13,Democratic,House: 2023-Present
"Thompson, Bennie G. - Representative",https://www.congress.gov/member/bennie-thompson/T000193,T000193,Mississippi,2,Democratic,House: 1993-Present
"Thompson, Glenn - Representative",https://www.congress.gov/member/glenn-thompson/T000467,T000467,Pennsylvania,15,Republican,House: 2009-Present
"Thompson, Mike - Representative",https://www.congress.gov/member/mike-thompson/T000460,T000460,California,4,Democratic,House: 1999-Present
"Tiffany, Thomas P. - Representative",https://www.congress.gov/member/thomas-tiffany/T000165,T000165,Wisconsin,7,Republican,House: 2020-Present
"Timmons, William R. - Representative",https://www.congress.gov/member/william-timmons/T000480,T000480,South Carolina,4,Republican,House: 2019-Present
"Titus, Dina - Representative",https://www.congress.gov/member/dina-titus/T000468,T000468,Nevada,1,Democratic,"House: 2009-2011, 2013-Present"
"Tlaib, Rashida - Representative",https://www.congress.gov/member/rashida-tlaib/T000481,T000481,Michigan,12,Democratic,House: 2019-Present
"Tokuda, Jill N. - Representative",https://www.congress.gov/member/jill-tokuda/T000487,T000487,Hawaii,2,Democratic,House: 2023-Present
"Tonko, Paul - Representative",https://www.congress.gov/member/paul-tonko/T000469,T000469,New York,20,Democratic,House: 2009-Present
"Torres, Norma J. - Representative",https://www.congress.gov/member/norma-torres/T000474,T000474,California,35,Democratic,House: 2015-Present
"Torres, Ritchie - Representative",https://www.congress.gov/member/ritchie-torres/T000486,T000486,New York,15,Democratic,House: 2021-Present
"Trahan, Lori - Representative",https://www.congress.gov/member/lori-trahan/T000482,T000482,Massachusetts,3,Democratic,House: 2019-Present
"Tran, Derek - Representative",https://www.congress.gov/member/derek-tran/T000491,T000491,California,45,Democratic,House: 2025-Present
"Turner, Michael R. - Representative",https://www.congress.gov/member/michael-turner/T000463,T000463,Ohio,10,Republican,House: 2003-Present
"Underwood, Lauren - Representative",https://www.congress.gov/member/lauren-underwood/U000040,U000040,Illinois,14,Democratic,House: 2019-Present
"Valadao, David G. - Representative",https://www.congress.gov/member/david-valadao/V000129,V000129,California,22,Republican,"House: 2013-2019, 2021-Present"
"Van Drew, Jefferson - Representative",https://www.congress.gov/member/jefferson-van-drew/V000133,V000133,New Jersey,2,Republican,House: 2019-Present
"Van Duyne, Beth - Representative",https://www.congress.gov/member/beth-van-duyne/V000134,V000134,Texas,24,Republican,House: 2021-Present
"Van Orden, Derrick - Representative",https://www.congress.gov/member/derrick-van-orden/V000135,V000135,Wisconsin,3,Republican,House: 2023-Present
"Vargas, Juan - Representative",https://www.congress.gov/member/juan-vargas/V000130,V000130,California,52,Democratic,House: 2013-Present
"Vasquez, Gabe - Representative",https://www.congress.gov/member/gabe-vasquez/V000136,V000136,New Mexico,2,Democratic,House: 2023-Present
"Veasey, Marc A. - Representative",https://www.congress.gov/member/marc-veasey/V000131,V000131,Texas,33,Democratic,House: 2013-Present
"Velázquez, Nydia M. - Representative",https://www.congress.gov/member/nydia-velazquez/V000081,V000081,New York,7,Democratic,House: 1993-Present
"Vindman, Eugene - Representative",https://www.congress.gov/member/eugene-vindman/V000138,V000138,Virginia,7,Democratic,House: 2025-Present
"Wagner, Ann - Representative",https://www.congress.gov/member/ann-wagner/W000812,W000812,Missouri,2,Republican,House: 2013-Present
"Walberg, Tim - Representative",https://www.congress.gov/member/tim-walberg/W000798,W000798,Michigan,5,Republican,"House: 2007-2009, 2011-Present"
"Wasserman Schultz, Debbie - Representative",https://www.congress.gov/member/debbie-wasserman-schultz/W000797,W000797,Florida,25,Democratic,House: 2005-Present
"Waters, Maxine - Representative",https://www.congress.gov/member/maxine-waters/W000187,W000187,California,43,Democratic,House: 1991-Present
"Watson Coleman, Bonnie - Representative",https://www.congress.gov/member/bonnie-watson-coleman/W000822,W000822,New Jersey,12,Democratic,House: 2015-Present
"Weber, Randy K. Sr. - Representative",https://www.congress.gov/member/randy-weber/W000814,W000814,Texas,14,Republican,House: 2013-Present
"Webster, Daniel - Representative",https://www.congress.gov/member/daniel-webster/W000806,W000806,Florida,11,Republican,House: 2011-Present
"Westerman, Bruce - Representative",https://www.congress.gov/member/bruce-westerman/W000821,W000821,Arkansas,4,Republican,House: 2015-Present
"Whitesides, George - Representative",https://www.congress.gov/member/george-whitesides/W000830,W000830,California,27,Democratic,House: 2025-Present
"Wied, Tony - Representative",https://www.congress.gov/member/tony-wied/W000829,W000829,Wisconsin,8,Republican,House: 2024-Present
"Williams, Nikema - Representative",https://www.congress.gov/member/nikema-williams/W000788,W000788,Georgia,5,Democratic,House: 2021-Present
"Williams, Roger - Representative",https://www.congress.gov/member/roger-williams/W000816,W000816,Texas,25,Republican,House: 2013-Present
"Wilson, Frederica S. - Representative",https://www.congress.gov/member/frederica-wilson/W000808,W000808,Florida,24,Democratic,House: 2011-Present
"Wilson, Joe - Representative",https://www.congress.gov/member/joe-wilson/W000795,W000795,South Carolina,2,Republican,House: 2001-Present
"Wittman, Robert J. - Representative",https://www.congress.gov/member/robert-wittman/W000804,W000804,Virginia,1,Republican,House: 2007-Present
"Womack, Steve - Representative",https://www.congress.gov/member/steve-womack/W000809,W000809,Arkansas,3,Republican,House: 2011-Present
"Yakym, Rudy - Representative",https://www.congress.gov/member/rudy-yakym/Y000067,Y000067,Indiana,2,Republican,House: 2022-Present
"Zinke, Ryan K. - Representative",https://www.congress.gov/member/ryan-zinke/Z000018,Z000018,Montana,1,Republican,"House: 2015-2017, 2023-Present"
"Alsobrooks, Angela D. - Senator",https://www.congress.gov/member/angela-alsobrooks/A000382,A000382,Maryland,,Democratic,Senate: 2025-Present
"Baldwin, Tammy - Senator",https://www.congress.gov/member/tammy-baldwin/B001230,B001230,Wisconsin,,Democratic,Senate: 2013-Present | House: 1999-2013
"Banks, Jim - Senator",https://www.congress.gov/member/jim-banks/B001299,B001299,Indiana,,Republican,Senate: 2025-Present | House: 2017-2025
"Barrasso, John - Senator",https://www.congress.gov/member/john-barrasso/B001261,B001261,Wyoming,,Republican,Senate: 2007-Present
"Bennet, Michael F. - Senator",https://www.congress.gov/member/michael-bennet/B001267,B001267,Colorado,,Democratic,Senate: 2009-Present
"Blackburn, Marsha - Senator",https://www.congress.gov/member/marsha-blackburn/B001243,B001243,Tennessee,,Republican,Senate: 2019-Present | House: 2003-2019
"Blumenthal, Richard - Senator",https://www.congress.gov/member/richard-blumenthal/B001277,B001277,Connecticut,,Democratic,Senate: 2011-Present
"Blunt Rochester, Lisa - Senator",https://www.congress.gov/member/lisa-blunt-rochester/B001303,B001303,Delaware,,Democratic,Senate: 2025-Present | House: 2017-2025
"Booker, Cory A. - Senator",https://www.congress.gov/member/cory-booker/B001288,B001288,New Jersey,,Democratic,Senate: 2013-Present
"Boozman, John - Senator",https://www.congress.gov/member/john-boozman/B001236,B001236,Arkansas,,Republican,Senate: 2011-Present | House: 2001-2011
"Britt, Katie Boyd - Senator",https://www.congress.gov/member/katie-britt/B001319,B001319,Alabama,,Republican,Senate: 2023-Present
"Budd, Ted - Senator",https://www.congress.gov/member/ted-budd/B001305,B001305,North Carolina,,Republican,Senate: 2023-Present | House: 2017-2023
"Cantwell, Maria - Senator",https://www.congress.gov/member/maria-cantwell/C000127,C000127,Washington,,Democratic,Senate: 2001-Present | House: 1993-1995
"Capito, Shelley Moore - Senator",https://www.congress.gov/member/shelley-capito/C001047,C001047,West Virginia,,Republican,Senate: 2015-Present | House: 2001-2015
"Cassidy, Bill - Senator",https://www.congress.gov/member/bill-cassidy/C001075,C001075,Louisiana,,Republican,Senate: 2015-Present | House: 2009-2015
"Collins, Susan M. - Senator",https://www.congress.gov/member/susan-collins/C001035,C001035,Maine,,Republican,Senate: 1997-Present
"Coons, Christopher A. - Senator",https://www.congress.gov/member/christopher-coons/C001088,C001088,Delaware,,Democratic,Senate: 2010-Present
"Cornyn, John - Senator",https://www.congress.gov/member/john-cornyn/C001056,C001056,Texas,,Republican,Senate: 2002-Present
"Cortez Masto, Catherine - Senator",https://www.congress.gov/member/catherine-cortez-masto/C001113,C001113,Nevada,,Democratic,Senate: 2017-Present
"Cotton, Tom - Senator",https://www.congress.gov/member/tom-cotton/C001095,C001095,Arkansas,,Republican,Senate: 2015-Present | House: 2013-2015
"Cramer, Kevin - Senator",https://www.congress.gov/member/kevin-cramer/C001096,C001096,North Dakota,,Republican,Senate: 2019-Present | House: 2013-2019
"Crapo, Mike - Senator",https://www.congress.gov/member/mike-crapo/C000880,C000880,Idaho,,Republican,Senate: 1999-Present | House: 1993-1999
"Cruz, Ted - Senator",https://www.congress.gov/member/ted-cruz/C001098,C001098,Texas,,Republican,Senate: 2013-Present
"Curtis, John R. - Senator",https://www.congress.gov/member/john-curtis/C001114,C001114,Utah,,Republican,Senate: 2025-Present | House: 2017-2025
"Daines, Steve - Senator",https://www.congress.gov/member/steve-daines/D000618,D000618,Montana,,Republican,Senate: 2015-Present | House: 2013-2015
"Duckworth, Tammy - Senator",https://www.congress.gov/member/tammy-duckworth/D000622,D000622,Illinois,,Democratic,Senate: 2017-Present | House: 2013-2017
"Durbin, Richard J. - Senator",https://www.congress.gov/member/richard-durbin/D000563,D000563,Illinois,,Democratic,Senate: 1997-Present | House: 1983-1997
"Ernst, Joni - Senator",https://www.congress.gov/member/joni-ernst/E000295,E000295,Iowa,,Republican,Senate: 2015-Present
"Fetterman, John - Senator",https://www.congress.gov/member/john-fetterman/F000479,F000479,Pennsylvania,,Democratic,Senate: 2023-Present
"Fischer, Deb - Senator",https://www.congress.gov/member/deb-fischer/F000463,F000463,Nebraska,,Republican,Senate: 2013-Present
"Gallego, Ruben - Senator",https://www.congress.gov/member/ruben-gallego/G000574,G000574,Arizona,,Democratic,Senate: 2025-Present | House: 2015-2025
"Gillibrand, Kirsten E. - Senator",https://www.congress.gov/member/kirsten-gillibrand/G000555,G000555,New York,,Democratic,Senate: 2009-Present | House: 2007-2009
"Graham, Lindsey - Senator",https://www.congress.gov/member/lindsey-graham/G000359,G000359,South Carolina,,Republican,Senate: 2003-Present | House: 1995-2003
"Grassley, Chuck - Senator",https://www.congress.gov/member/chuck-grassley/G000386,G000386,Iowa,,Republican,Senate: 1981-Present | House: 1975-1981
"Hagerty, Bill - Senator",https://www.congress.gov/member/bill-hagerty/H000601,H000601,Tennessee,,Republican,Senate: 2021-Present
"Hassan, Margaret Wood - Senator",https://www.congress.gov/member/maggie-hassan/H001076,H001076,New Hampshire,,Democratic,Senate: 2017-Present
"Hawley, Josh - Senator",https://www.congress.gov/member/josh-hawley/H001089,H001089,Missouri,,Republican,Senate: 2019-Present
"Heinrich, Martin - Senator",https://www.congress.gov/member/martin-heinrich/H001046,H001046,New Mexico,,Democratic,Senate: 2013-Present | House: 2009-2013
"Hickenlooper, John W. - Senator",https://www.congress.gov/member/john-hickenlooper/H000273,H000273,Colorado,,Democratic,Senate: 2021-Present
"Hirono, Mazie K. - Senator",https://www.congress.gov/member/mazie-hirono/H001042,H001042,Hawaii,,Democratic,Senate: 2013-Present | House: 2007-2013
"Hoeven, John - Senator",https://www.congress.gov/member/john-hoeven/H001061,H001061,North Dakota,,Republican,Senate: 2011-Present
"Husted, Jon - Senator",https://www.congress.gov/member/jon-husted/H001104,H001104,Ohio,,Republican,Senate: 2025-Present
"Hyde-Smith, Cindy - Senator",https://www.congress.gov/member/cindy-hyde-smith/H001079,H001079,Mississippi,,Republican,Senate: 2018-Present
"Johnson, Ron - Senator",https://www.congress.gov/member/ron-johnson/J000293,J000293,Wisconsin,,Republican,Senate: 2011-Present
"Justice, James C. - Senator",https://www.congress.gov/member/james-justice/J000312,J000312,West Virginia,,Republican,Senate: 2025-Present
"Kaine, Tim - Senator",https://www.congress.gov/member/timothy-kaine/K000384,K000384,Virginia,,Democratic,Senate: 2013-Present
"Kelly, Mark - Senator",https://www.congress.gov/member/mark-kelly/K000377,K000377,Arizona,,Democratic,Senate: 2020-Present
"Kennedy, John - Senator",https://www.congress.gov/member/john-kennedy/K000393,K000393,Louisiana,,Republican,Senate: 2017-Present
"Kim, Andy - Senator",https://www.congress.gov/member/andy-kim/K000394,K000394,New Jersey,,Democratic,Senate: 2024-Present | House: 2019-2024
"King, Angus S., Jr. - Senator",https://www.congress.gov/member/angus-king/K000383,K000383,Maine,,Independent,Senate: 2013-Present
"Klobuchar, Amy - Senator",https://www.congress.gov/member/amy-klobuchar/K000367,K000367,Minnesota,,Democratic,Senate: 2007-Present
"Lankford, James - Senator",https://www.congress.gov/member/james-lankford/L000575,L000575,Oklahoma,,Republican,Senate: 2015-Present | House: 2011-2015
"Lee, Mike - Senator",https://www.congress.gov/member/mike-lee/L000577,L000577,Utah,,Republican,Senate: 2011-Present
"Lujan, Ben Ray - Senator",https://www.congress.gov/member/ben-lujan/L000570,L000570,New Mexico,,Democratic,Senate: 2021-Present | House: 2009-2021
"Lummis, Cynthia M. - Senator",https://www.congress.gov/member/cynthia-lummis/L000571,L000571,Wyoming,,Republican,Senate: 2021-Present | House: 2009-2017
"Markey, Edward J. - Senator",https://www.congress.gov/member/edward-markey/M000133,M000133,Massachusetts,,Democratic,Senate: 2013-Present | House: 1977-2013
"Marshall, Roger - Senator",https://www.congress.gov/member/roger-marshall/M001198,M001198,Kansas,,Republican,Senate: 2021-Present | House: 2017-2021
"McConnell, Mitch - Senator",https://www.congress.gov/member/mitch-mcconnell/M000355,M000355,Kentucky,,Republican,Senate: 1985-Present
"McCormick, David - Senator",https://www.congress.gov/member/david-mccormick/M001243,M001243,Pennsylvania,,Republican,Senate: 2025-Present
"Merkley, Jeff - Senator",https://www.congress.gov/member/jeff-merkley/M001176,M001176,Oregon,,Democratic,Senate: 2009-Present
"Moody, Ashley - Senator",https://www.congress.gov/member/ashley-moody/M001244,M001244,Florida,,Republican,Senate: 2025-Present
"Moran, Jerry - Senator",https://www.congress.gov/member/jerry-moran/M000934,M000934,Kansas,,Republican,Senate: 2011-Present | House: 1997-2011
"Moreno, Bernie - Senator",https://www.congress.gov/member/bernie-moreno/M001242,M001242,Ohio,,Republican,Senate: 2025-Present
"Mullin, Markwayne - Senator",https://www.congress.gov/member/markwayne-mullin/M001190,M001190,Oklahoma,,Republican,Senate: 2023-Present | House: 2013-2023
"Murkowski, Lisa - Senator",https://www.congress.gov/member/lisa-murkowski/M001153,M001153,Alaska,,Republican,Senate: 2002-Present
"Murphy, Christopher - Senator",https://www.congress.gov/member/christopher-murphy/M001169,M001169,Connecticut,,Democratic,Senate: 2013-Present | House: 2007-2013
"Murray, Patty - Senator",https://www.congress.gov/member/patty-murray/M001111,M001111,Washington,,Democratic,Senate: 1993-Present
"Ossoff, Jon - Senator",https://www.congress.gov/member/jon-ossoff/O000174,O000174,Georgia,,Democratic,Senate: 2021-Present
"Padilla, Alex - Senator",https://www.congress.gov/member/alex-padilla/P000145,P000145,California,,Democratic,Senate: 2021-Present
"Paul, Rand - Senator",https://www.congress.gov/member/rand-paul/P000603,P000603,Kentucky,,Republican,Senate: 2011-Present
"Peters, Gary C. - Senator",https://www.congress.gov/member/gary-peters/P000595,P000595,Michigan,,Democratic,Senate: 2015-Present | House: 2009-2015
"Reed, Jack - Senator",https://www.congress.gov/member/john-reed/R000122,R000122,Rhode Island,,Democratic,Senate: 1997-Present | House: 1991-1997
"Ricketts, Pete - Senator",https://www.congress.gov/member/pete-ricketts/R000618,R000618,Nebraska,,Republican,Senate: 2023-Present
"Risch, James E. - Senator",https://www.congress.gov/member/james-risch/R000584,R000584,Idaho,,Republican,Senate: 2009-Present
"Rosen, Jacky - Senator",https://www.congress.gov/member/jacky-rosen/R000608,R000608,Nevada,,Democratic,Senate: 2019-Present | House: 2017-2019
"Rounds, Mike - Senator",https://www.congress.gov/member/mike-rounds/R000605,R000605,South Dakota,,Republican,Senate: 2015-Present
"Sanders, Bernard - Senator",https://www.congress.gov/member/bernie-sanders/S000033,S000033,Vermont,,Independent,Senate: 2007-Present | House: 1991-2007
"Schatz, Brian - Senator",https://www.congress.gov/member/brian-schatz/S001194,S001194,Hawaii,,Democratic,Senate: 2012-Present
"Schiff, Adam B. - Senator",https://www.congress.gov/member/adam-schiff/S001150,S001150,California,,Democratic,Senate: 2024-Present | House: 2001-2024
"Schmitt, Eric - Senator",https://www.congress.gov/member/eric-schmitt/S001227,S001227,Missouri,,Republican,Senate: 2023-Present
"Schumer, Charles E. - Senator",https://www.congress.gov/member/charles-schumer/S000148,S000148,New York,,Democratic,Senate: 1999-Present | House: 1981-1999
"Scott, Rick - Senator",https://www.congress.gov/member/rick-scott/S001217,S001217,Florida,,Republican,Senate: 2019-Present
"Scott, Tim - Senator",https://www.congress.gov/member/tim-scott/S001184,S001184,South Carolina,,Republican,Senate: 2013-Present | House: 2011-2013
"Shaheen, Jeanne - Senator",https://www.congress.gov/member/jeanne-shaheen/S001181,S001181,New Hampshire,,Democratic,Senate: 2009-Present
"Sheehy, Tim - Senator",https://www.congress.gov/member/tim-sheehy/S001232,S001232,Montana,,Republican,Senate: 2025-Present
"Slotkin, Elissa - Senator",https://www.congress.gov/member/elissa-slotkin/S001208,S001208,Michigan,,Democratic,Senate: 2025-Present | House: 2019-2025
"Smith, Tina - Senator",https://www.congress.gov/member/tina-smith/S001203,S001203,Minnesota,,Democratic,Senate: 2018-Present
"Sullivan, Dan - Senator",https://www.congress.gov/member/dan-sullivan/S001198,S001198,Alaska,,Republican,Senate: 2015-Present
"Thune, John - Senator",https://www.congress.gov/member/john-thune/T000250,T000250,South Dakota,,Republican,Senate: 2005-Present | House: 1997-2003
"Tillis, Thomas - Senator",https://www.congress.gov/member/thomas-tillis/T000476,T000476,North Carolina,,Republican,Senate: 2015-Present
"Tuberville, Tommy - Senator",https://www.congress.gov/member/tommy-tuberville/T000278,T000278,Alabama,,Republican,Senate: 2021-Present
"Van Hollen, Chris - Senator",https://www.congress.gov/member/chris-van-hollen/V000128,V000128,Maryland,,Democratic,Senate: 2017-Present | House: 2003-2017
"Warner, Mark R. - Senator",https://www.congress.gov/member/mark-warner/W000805,W000805,Virginia,,Democratic,Senate: 2009-Present
"Warnock, Raphael G. - Senator",https://www.congress.gov/member/raphael-warnock/W000790,W000790,Georgia,,Democratic,Senate: 2021-Present
"Warren, Elizabeth - Senator",https://www.congress.gov/member/elizabeth-warren/W000817,W000817,Massachusetts,,Democratic,Senate: 2013-Present
"Welch, Peter - Senator",https://www.congress.gov/member/peter-welch/W000800,W000800,Vermont,,Democratic,Senate: 2023-Present | House: 2007-2023
"Whitehouse, Sheldon - Senator",https://www.congress.gov/member/sheldon-whitehouse/W000802,W000802,Rhode Island,,Democratic,Senate: 2007-Present
"Wicker, Roger F. - Senator",https://www.congress.gov/member/roger-wicker/W000437,W000437,Mississippi,,Republican,Senate: 2007-Present | House: 1995-2007
"Wyden, Ron - Senator",https://www.congress.gov/member/ron-wyden/W000779,W000779,Oregon,,Democratic,Senate: 1996-Present | House: 1981-1996
"Young, Todd - Senator",https://www.congress.gov/member/todd-young/Y000064,Y000064,Indiana,,Republican,Senate: 2017-Present | House: 2011-2017